STOK_KODU,STOK_ADI,GRUP_KODU,GRUP_ADI,KOD_1,AD1,KOD_2,AD2,KOD_3,AD3,KOD_4,AD4,KOD_5,AD5,INGISIM,KT_YUKSEKLIK,OLCU_BR1,OLCU_BR2,OLCU_BR3,BIRIM2_CARPAN,BIRIM3_CARPAN,BIRIM_MALIYET
M00001,KAPAK 090-065 HAM TENEKE 2 PARÇA,01,Mamul,SK12,Kapak,KA2,Boya-Kimya,090-065,Kalıp 090-065,B3,Ham Teneke,P2,2 Parça,Kapak 090-065 Ham Teneke 2 pc,60,ADET,KOLİ,PALET,100,2400,5.5328
M00002,TEPSI 325-125 MAT LAK 3 PARÇA,01,Mamul,SK11,Tepsi,KA5,Endüstriyel,325-125,Kalıp 325-125,B4,Mat Lak,P3,3 Parça,Tepsi 325-125 Mat Lak 3 pc,120,ADET,KOLİ,PALET,100,2000,11.4197
M00003,YUVARLAK KUTU 120-105 HAM TENEKE 2 PARÇA,01,Mamul,SK01,Yuvarlak Kutu,KA6,Bal-Reçel,120-105,Kalıp 120-105,B3,Ham Teneke,P2,2 Parça,Yuvarlak Tin 120-105 Ham Teneke 2 pc,110,ADET,KOLİ,PALET,12,288,4.7807
M00004,YUVARLAK KUTU 210-255 MAT LAK 3 PARÇA,01,Mamul,SK01,Yuvarlak Kutu,KA6,Bal-Reçel,210-255,Kalıp 210-255,B4,Mat Lak,P3,3 Parça,Yuvarlak Tin 210-255 Mat Lak 3 pc,260,ADET,KOLİ,PALET,48,960,14.0014
M00005,DIKDORTGEN KUTU 145-095 MAT LAK 2 PARÇA,01,Mamul,SK04,Dikdortgen Kutu,KA3,Kozmetik,145-095,Kalıp 145-095,B4,Mat Lak,P2,2 Parça,Dikdortgen Tin 145-095 Mat Lak 2 pc,100,ADET,KOLİ,PALET,48,960,5.0639
M00006,SEKILLI KUTU 175-205 HAM TENEKE 3 PARÇA,01,Mamul,SK08,Sekilli Kutu,KA4,Hediyelik,175-205,Kalıp 175-205,B3,Ham Teneke,P3,3 Parça,Sekilli Tin 175-205 Ham Teneke 3 pc,200,ADET,KOLİ,PALET,48,1152,10.8344
M00007,DIKDORTGEN KUTU 185-115 MAT LAK 2 PARÇA,01,Mamul,SK04,Dikdortgen Kutu,KA5,Endüstriyel,185-115,Kalıp 185-115,B4,Mat Lak,P2,2 Parça,Dikdortgen Tin 185-115 Mat Lak 2 pc,110,ADET,KOLİ,PALET,48,1152,8.8036
M00008,YUVARLAK KUTU 210-255 HAM TENEKE 3 PARÇA,01,Mamul,SK01,Yuvarlak Kutu,KA2,Boya-Kimya,210-255,Kalıp 210-255,B3,Ham Teneke,P3,3 Parça,Yuvarlak Tin 210-255 Ham Teneke 3 pc,260,ADET,KOLİ,PALET,60,1200,14.19
M00009,YUVARLAK KUTU 245-175 VERNIKLI 3 PARÇA,01,Mamul,SK01,Yuvarlak Kutu,KA1,Gıda,245-175,Kalıp 245-175,B2,Vernikli,P3,3 Parça,Yuvarlak Tin 245-175 Vernikli 3 pc,180,ADET,KOLİ,PALET,12,288,10.7501
M00010,YUVARLAK KUTU 255-205 MAT LAK 3 PARÇA,01,Mamul,SK01,Yuvarlak Kutu,KA3,Kozmetik,255-205,Kalıp 255-205,B4,Mat Lak,P3,3 Parça,Yuvarlak Tin 255-205 Mat Lak 3 pc,210,ADET,KOLİ,PALET,60,1440,8.3499
M00011,YUVARLAK KUTU 120-105 HAM TENEKE 3 PARÇA,01,Mamul,SK01,Yuvarlak Kutu,KA3,Kozmetik,120-105,Kalıp 120-105,B3,Ham Teneke,P3,3 Parça,Yuvarlak Tin 120-105 Ham Teneke 3 pc,110,ADET,KOLİ,PALET,60,1440,8.8469
M00012,YUVARLAK KUTU 205-050 LITOGRAFI 2 PARÇA,01,Mamul,SK01,Yuvarlak Kutu,KA1,Gıda,205-050,Kalıp 205-050,B1,Litografi,P2,2 Parça,Yuvarlak Tin 205-050 Litografi 2 pc,45,ADET,KOLİ,PALET,48,1152,3.6601
M00013,KOSELI SIVAMA KUTU 210-080 LITOGRAFI 3 PARÇA,01,Mamul,SK10,Koseli Sivama Kutu,KA3,Kozmetik,210-080,Kalıp 210-080,B1,Litografi,P3,3 Parça,Koseli Drawn Tin 210-080 Litografi 3 pc,75,ADET,KOLİ,PALET,24,720,7.8508
M00014,YUVARLAK KUTU 120-105 HAM TENEKE 2 PARÇA,01,Mamul,SK01,Yuvarlak Kutu,KA6,Bal-Reçel,120-105,Kalıp 120-105,B3,Ham Teneke,P2,2 Parça,Yuvarlak Tin 120-105 Ham Teneke 2 pc,110,ADET,KOLİ,PALET,24,720,4.3096
M00015,YUVARLAK KUTU Ø092 MAT LAK 2 PARÇA,01,Mamul,SK01,Yuvarlak Kutu,KA3,Kozmetik,DIA-092,Kalıp DIA-092,B4,Mat Lak,P2,2 Parça,Yuvarlak Tin Ø092 Mat Lak 2 pc,99,ADET,KOLİ,PALET,12,360,10.5846
M00016,YUVARLAK-SIVAMA KUTU Ø068 HAM TENEKE 2 PARÇA,01,Mamul,SK02,Yuvarlak-Sivama Kutu,KA3,Kozmetik,DIA-068,Kalıp DIA-068,B3,Ham Teneke,P2,2 Parça,Yuvarlak-Drawn Tin Ø068 Ham Teneke 2 pc,72,ADET,KOLİ,PALET,60,1440,3.2665
M00017,OVAL KUTU 295-165 VERNIKLI 2 PARÇA,01,Mamul,SK05,Oval Kutu,KA4,Hediyelik,295-165,Kalıp 295-165,B2,Vernikli,P2,2 Parça,Oval Tin 295-165 Vernikli 2 pc,160,ADET,KOLİ,PALET,24,576,12.3396
M00018,SEKIZGEN KUTU 135-145 HAM TENEKE 2 PARÇA,01,Mamul,SK07,Sekizgen Kutu,KA3,Kozmetik,135-145,Kalıp 135-145,B3,Ham Teneke,P2,2 Parça,Sekizgen Tin 135-145 Ham Teneke 2 pc,140,ADET,KOLİ,PALET,48,960,2.9058
M00019,OVAL KUTU 295-165 VERNIKLI 2 PARÇA,01,Mamul,SK05,Oval Kutu,KA6,Bal-Reçel,295-165,Kalıp 295-165,B2,Vernikli,P2,2 Parça,Oval Tin 295-165 Vernikli 2 pc,160,ADET,KOLİ,PALET,100,2000,2.0469
M00020,YUVARLAK KUTU 210-255 LITOGRAFI 2 PARÇA,01,Mamul,SK01,Yuvarlak Kutu,KA6,Bal-Reçel,210-255,Kalıp 210-255,B1,Litografi,P2,2 Parça,Yuvarlak Tin 210-255 Litografi 2 pc,260,ADET,KOLİ,PALET,48,960,8.7502
M00021,KAPAK 090-065 MAT LAK 3 PARÇA,01,Mamul,SK12,Kapak,KA5,Endüstriyel,090-065,Kalıp 090-065,B4,Mat Lak,P3,3 Parça,Kapak 090-065 Mat Lak 3 pc,60,ADET,KOLİ,PALET,48,1440,3.5899
M00022,SEKIZGEN KUTU 135-145 VERNIKLI 2 PARÇA,01,Mamul,SK07,Sekizgen Kutu,KA1,Gıda,135-145,Kalıp 135-145,B2,Vernikli,P2,2 Parça,Sekizgen Tin 135-145 Vernikli 2 pc,140,ADET,KOLİ,PALET,12,240,3.4705
M00023,YUVARLAK KUTU 078-095 LITOGRAFI 2 PARÇA,01,Mamul,SK01,Yuvarlak Kutu,KA6,Bal-Reçel,078-095,Kalıp 078-095,B1,Litografi,P2,2 Parça,Yuvarlak Tin 078-095 Litografi 2 pc,100,ADET,KOLİ,PALET,100,2400,11.0133
M00024,TEPSI 325-125 MAT LAK 3 PARÇA,01,Mamul,SK11,Tepsi,KA1,Gıda,325-125,Kalıp 325-125,B4,Mat Lak,P3,3 Parça,Tepsi 325-125 Mat Lak 3 pc,120,ADET,KOLİ,PALET,24,720,5.0282
M00025,YUVARLAK KUTU 255-205 VERNIKLI 3 PARÇA,01,Mamul,SK01,Yuvarlak Kutu,KA2,Boya-Kimya,255-205,Kalıp 255-205,B2,Vernikli,P3,3 Parça,Yuvarlak Tin 255-205 Vernikli 3 pc,210,ADET,KOLİ,PALET,24,720,4.7729
M00026,ALTIGEN KUTU 125-085 LITOGRAFI 2 PARÇA,01,Mamul,SK06,Altıgen Kutu,KA5,Endüstriyel,125-085,Kalıp 125-085,B1,Litografi,P2,2 Parça,Altıgen Tin 125-085 Litografi 2 pc,90,ADET,KOLİ,PALET,100,2400,8.7768
M00027,KALP KUTU 160-090 LITOGRAFI 3 PARÇA,01,Mamul,SK09,Kalp Kutu,KA4,Hediyelik,160-090,Kalıp 160-090,B1,Litografi,P3,3 Parça,Kalp Tin 160-090 Litografi 3 pc,85,ADET,KOLİ,PALET,60,1200,6.1806
M00028,YUVARLAK KUTU 245-175 MAT LAK 3 PARÇA,01,Mamul,SK01,Yuvarlak Kutu,KA2,Boya-Kimya,245-175,Kalıp 245-175,B4,Mat Lak,P3,3 Parça,Yuvarlak Tin 245-175 Mat Lak 3 pc,180,ADET,KOLİ,PALET,24,720,5.2716
M00029,YUVARLAK-SIVAMA KUTU Ø068 HAM TENEKE 2 PARÇA,01,Mamul,SK02,Yuvarlak-Sivama Kutu,KA2,Boya-Kimya,DIA-068,Kalıp DIA-068,B3,Ham Teneke,P2,2 Parça,Yuvarlak-Drawn Tin Ø068 Ham Teneke 2 pc,72,ADET,KOLİ,PALET,12,240,4.5167
M00030,YUVARLAK KUTU Ø148 MAT LAK 2 PARÇA,01,Mamul,SK01,Yuvarlak Kutu,KA4,Hediyelik,DIA-148,Kalıp DIA-148,B4,Mat Lak,P2,2 Parça,Yuvarlak Tin Ø148 Mat Lak 2 pc,153,ADET,KOLİ,PALET,24,720,3.1438
M00031,YUVARLAK KUTU 145-095 MAT LAK 2 PARÇA,01,Mamul,SK01,Yuvarlak Kutu,KA1,Gıda,145-095,Kalıp 145-095,B4,Mat Lak,P2,2 Parça,Yuvarlak Tin 145-095 Mat Lak 2 pc,100,ADET,KOLİ,PALET,48,1152,10.7939
M00032,TEPSI Ø068 VERNIKLI 3 PARÇA,01,Mamul,SK11,Tepsi,KA5,Endüstriyel,DIA-068,Kalıp DIA-068,B2,Vernikli,P3,3 Parça,Tepsi Ø068 Vernikli 3 pc,72,ADET,KOLİ,PALET,12,288,12.8432
M00033,YUVARLAK KUTU Ø092 MAT LAK 3 PARÇA,01,Mamul,SK01,Yuvarlak Kutu,KA6,Bal-Reçel,DIA-092,Kalıp DIA-092,B4,Mat Lak,P3,3 Parça,Yuvarlak Tin Ø092 Mat Lak 3 pc,99,ADET,KOLİ,PALET,60,1440,7.9562
M00034,SEKIZGEN KUTU Ø050 LITOGRAFI 2 PARÇA,01,Mamul,SK07,Sekizgen Kutu,KA1,Gıda,DIA-050,Kalıp DIA-050,B1,Litografi,P2,2 Parça,Sekizgen Tin Ø050 Litografi 2 pc,55,ADET,KOLİ,PALET,48,1152,2.2404
M00035,YUVARLAK KUTU 120-105 HAM TENEKE 3 PARÇA,01,Mamul,SK01,Yuvarlak Kutu,KA6,Bal-Reçel,120-105,Kalıp 120-105,B3,Ham Teneke,P3,3 Parça,Yuvarlak Tin 120-105 Ham Teneke 3 pc,110,ADET,KOLİ,PALET,60,1800,2.3057
M00036,YUVARLAK KUTU Ø050 HAM TENEKE 3 PARÇA,01,Mamul,SK01,Yuvarlak Kutu,KA3,Kozmetik,DIA-050,Kalıp DIA-050,B3,Ham Teneke,P3,3 Parça,Yuvarlak Tin Ø050 Ham Teneke 3 pc,55,ADET,KOLİ,PALET,60,1440,6.615
M00037,YUVARLAK KUTU 078-095 MAT LAK 3 PARÇA,01,Mamul,SK01,Yuvarlak Kutu,KA3,Kozmetik,078-095,Kalıp 078-095,B4,Mat Lak,P3,3 Parça,Yuvarlak Tin 078-095 Mat Lak 3 pc,100,ADET,KOLİ,PALET,12,288,5.4663
M00038,YUVARLAK KUTU 120-105 VERNIKLI 3 PARÇA,01,Mamul,SK01,Yuvarlak Kutu,KA2,Boya-Kimya,120-105,Kalıp 120-105,B2,Vernikli,P3,3 Parça,Yuvarlak Tin 120-105 Vernikli 3 pc,110,ADET,KOLİ,PALET,60,1200,9.9226
M00039,YUVARLAK KUTU 078-095 HAM TENEKE 2 PARÇA,01,Mamul,SK01,Yuvarlak Kutu,KA5,Endüstriyel,078-095,Kalıp 078-095,B3,Ham Teneke,P2,2 Parça,Yuvarlak Tin 078-095 Ham Teneke 2 pc,100,ADET,KOLİ,PALET,24,480,7.5629
M00040,YUVARLAK KUTU 255-205 MAT LAK 3 PARÇA,01,Mamul,SK01,Yuvarlak Kutu,KA6,Bal-Reçel,255-205,Kalıp 255-205,B4,Mat Lak,P3,3 Parça,Yuvarlak Tin 255-205 Mat Lak 3 pc,210,ADET,KOLİ,PALET,48,960,2.4302
M00041,YUVARLAK KUTU Ø050 HAM TENEKE 3 PARÇA,01,Mamul,SK01,Yuvarlak Kutu,KA1,Gıda,DIA-050,Kalıp DIA-050,B3,Ham Teneke,P3,3 Parça,Yuvarlak Tin Ø050 Ham Teneke 3 pc,55,ADET,KOLİ,PALET,48,1440,5.4375
M00042,SEKIZGEN KUTU 135-145 LITOGRAFI 3 PARÇA,01,Mamul,SK07,Sekizgen Kutu,KA1,Gıda,135-145,Kalıp 135-145,B1,Litografi,P3,3 Parça,Sekizgen Tin 135-145 Litografi 3 pc,140,ADET,KOLİ,PALET,60,1440,9.1373
M00043,YUVARLAK KUTU 210-080 VERNIKLI 2 PARÇA,01,Mamul,SK01,Yuvarlak Kutu,KA5,Endüstriyel,210-080,Kalıp 210-080,B2,Vernikli,P2,2 Parça,Yuvarlak Tin 210-080 Vernikli 2 pc,75,ADET,KOLİ,PALET,12,360,9.6915
M00044,KAPAK 090-065 VERNIKLI 2 PARÇA,01,Mamul,SK12,Kapak,KA4,Hediyelik,090-065,Kalıp 090-065,B2,Vernikli,P2,2 Parça,Kapak 090-065 Vernikli 2 pc,60,ADET,KOLİ,PALET,12,288,8.3153
M00045,YUVARLAK KUTU Ø092 HAM TENEKE 3 PARÇA,01,Mamul,SK01,Yuvarlak Kutu,KA5,Endüstriyel,DIA-092,Kalıp DIA-092,B3,Ham Teneke,P3,3 Parça,Yuvarlak Tin Ø092 Ham Teneke 3 pc,99,ADET,KOLİ,PALET,12,240,12.4976
M00046,DIKDORTGEN KUTU 185-115 MAT LAK 2 PARÇA,01,Mamul,SK04,Dikdortgen Kutu,KA6,Bal-Reçel,185-115,Kalıp 185-115,B4,Mat Lak,P2,2 Parça,Dikdortgen Tin 185-115 Mat Lak 2 pc,110,ADET,KOLİ,PALET,24,576,5.5052
M00047,KAPAK 245-175 LITOGRAFI 3 PARÇA,01,Mamul,SK12,Kapak,KA1,Gıda,245-175,Kalıp 245-175,B1,Litografi,P3,3 Parça,Kapak 245-175 Litografi 3 pc,180,ADET,KOLİ,PALET,60,1200,10.2857
M00048,YUVARLAK KUTU 295-165 VERNIKLI 3 PARÇA,01,Mamul,SK01,Yuvarlak Kutu,KA4,Hediyelik,295-165,Kalıp 295-165,B2,Vernikli,P3,3 Parça,Yuvarlak Tin 295-165 Vernikli 3 pc,160,ADET,KOLİ,PALET,24,480,0.9256
M00049,YUVARLAK-SIVAMA KUTU 295-165 HAM TENEKE 2 PARÇA,01,Mamul,SK02,Yuvarlak-Sivama Kutu,KA2,Boya-Kimya,295-165,Kalıp 295-165,B3,Ham Teneke,P2,2 Parça,Yuvarlak-Drawn Tin 295-165 Ham Teneke 2 pc,160,ADET,KOLİ,PALET,12,360,1.0796
M00050,YUVARLAK KUTU 158-175 HAM TENEKE 3 PARÇA,01,Mamul,SK01,Yuvarlak Kutu,KA4,Hediyelik,158-175,Kalıp 158-175,B3,Ham Teneke,P3,3 Parça,Yuvarlak Tin 158-175 Ham Teneke 3 pc,180,ADET,KOLİ,PALET,12,240,4.6238
M00051,YUVARLAK-SIVAMA KUTU Ø068 VERNIKLI 3 PARÇA,01,Mamul,SK02,Yuvarlak-Sivama Kutu,KA5,Endüstriyel,DIA-068,Kalıp DIA-068,B2,Vernikli,P3,3 Parça,Yuvarlak-Drawn Tin Ø068 Vernikli 3 pc,72,ADET,KOLİ,PALET,24,480,5.7149
M00052,YUVARLAK KUTU 135-145 LITOGRAFI 2 PARÇA,01,Mamul,SK01,Yuvarlak Kutu,KA1,Gıda,135-145,Kalıp 135-145,B1,Litografi,P2,2 Parça,Yuvarlak Tin 135-145 Litografi 2 pc,140,ADET,KOLİ,PALET,100,2400,8.8318
M00053,SEKILLI KUTU 175-205 MAT LAK 3 PARÇA,01,Mamul,SK08,Sekilli Kutu,KA6,Bal-Reçel,175-205,Kalıp 175-205,B4,Mat Lak,P3,3 Parça,Sekilli Tin 175-205 Mat Lak 3 pc,200,ADET,KOLİ,PALET,24,480,16.8994
M00054,TEPSI 325-125 HAM TENEKE 2 PARÇA,01,Mamul,SK11,Tepsi,KA3,Kozmetik,325-125,Kalıp 325-125,B3,Ham Teneke,P2,2 Parça,Tepsi 325-125 Ham Teneke 2 pc,120,ADET,KOLİ,PALET,48,1440,3.637
M00055,YUVARLAK-SIVAMA KUTU Ø068 MAT LAK 3 PARÇA,01,Mamul,SK02,Yuvarlak-Sivama Kutu,KA5,Endüstriyel,DIA-068,Kalıp DIA-068,B4,Mat Lak,P3,3 Parça,Yuvarlak-Drawn Tin Ø068 Mat Lak 3 pc,72,ADET,KOLİ,PALET,12,240,9.7185
M00056,TEPSI 325-125 LITOGRAFI 2 PARÇA,01,Mamul,SK11,Tepsi,KA1,Gıda,325-125,Kalıp 325-125,B1,Litografi,P2,2 Parça,Tepsi 325-125 Litografi 2 pc,120,ADET,KOLİ,PALET,100,3000,3.5406
M00057,KALP KUTU 160-090 LITOGRAFI 3 PARÇA,01,Mamul,SK09,Kalp Kutu,KA4,Hediyelik,160-090,Kalıp 160-090,B1,Litografi,P3,3 Parça,Kalp Tin 160-090 Litografi 3 pc,85,ADET,KOLİ,PALET,48,960,1.7809
M00058,KARE KUTU Ø092 LITOGRAFI 3 PARÇA,01,Mamul,SK03,Kare Kutu,KA4,Hediyelik,DIA-092,Kalıp DIA-092,B1,Litografi,P3,3 Parça,Kare Tin Ø092 Litografi 3 pc,99,ADET,KOLİ,PALET,100,2000,12.7515
M00059,YUVARLAK KUTU Ø148 HAM TENEKE 2 PARÇA,01,Mamul,SK01,Yuvarlak Kutu,KA4,Hediyelik,DIA-148,Kalıp DIA-148,B3,Ham Teneke,P2,2 Parça,Yuvarlak Tin Ø148 Ham Teneke 2 pc,153,ADET,KOLİ,PALET,100,2000,7.1472
M00060,YUVARLAK KUTU Y120-105 LITOGRAFI 3 PARÇA,01,Mamul,SK01,Yuvarlak Kutu,KA2,Boya-Kimya,Y120-105,Kalıp Y120-105,B1,Litografi,P3,3 Parça,Yuvarlak Tin Y120-105 Litografi 3 pc,110,ADET,KOLİ,PALET,24,720,3.1207
M00061,YUVARLAK KUTU Ø050 VERNIKLI 2 PARÇA,01,Mamul,SK01,Yuvarlak Kutu,KA6,Bal-Reçel,DIA-050,Kalıp DIA-050,B2,Vernikli,P2,2 Parça,Yuvarlak Tin Ø050 Vernikli 2 pc,55,ADET,KOLİ,PALET,60,1440,4.1862
M00062,YUVARLAK KUTU 158-175 VERNIKLI 2 PARÇA,01,Mamul,SK01,Yuvarlak Kutu,KA4,Hediyelik,158-175,Kalıp 158-175,B2,Vernikli,P2,2 Parça,Yuvarlak Tin 158-175 Vernikli 2 pc,180,ADET,KOLİ,PALET,48,1152,4.0066
M00063,ALTIGEN KUTU 125-085 HAM TENEKE 3 PARÇA,01,Mamul,SK06,Altıgen Kutu,KA3,Kozmetik,125-085,Kalıp 125-085,B3,Ham Teneke,P3,3 Parça,Altıgen Tin 125-085 Ham Teneke 3 pc,90,ADET,KOLİ,PALET,24,720,2.2316
M00064,DIKDORTGEN KUTU 185-115 HAM TENEKE 3 PARÇA,01,Mamul,SK04,Dikdortgen Kutu,KA3,Kozmetik,185-115,Kalıp 185-115,B3,Ham Teneke,P3,3 Parça,Dikdortgen Tin 185-115 Ham Teneke 3 pc,110,ADET,KOLİ,PALET,12,240,6.7478
M00065,YUVARLAK KUTU Ø092 MAT LAK 3 PARÇA,01,Mamul,SK01,Yuvarlak Kutu,KA4,Hediyelik,DIA-092,Kalıp DIA-092,B4,Mat Lak,P3,3 Parça,Yuvarlak Tin Ø092 Mat Lak 3 pc,99,ADET,KOLİ,PALET,24,480,8.0709
M00066,SEKIZGEN KUTU 135-145 VERNIKLI 2 PARÇA,01,Mamul,SK07,Sekizgen Kutu,KA4,Hediyelik,135-145,Kalıp 135-145,B2,Vernikli,P2,2 Parça,Sekizgen Tin 135-145 Vernikli 2 pc,140,ADET,KOLİ,PALET,48,1440,6.0476
M00067,DIKDORTGEN KUTU 185-115 HAM TENEKE 3 PARÇA,01,Mamul,SK04,Dikdortgen Kutu,KA4,Hediyelik,185-115,Kalıp 185-115,B3,Ham Teneke,P3,3 Parça,Dikdortgen Tin 185-115 Ham Teneke 3 pc,110,ADET,KOLİ,PALET,12,288,3.0935
M00068,KARE KUTU 225-165 LITOGRAFI 3 PARÇA,01,Mamul,SK03,Kare Kutu,KA2,Boya-Kimya,225-165,Kalıp 225-165,B1,Litografi,P3,3 Parça,Kare Tin 225-165 Litografi 3 pc,160,ADET,KOLİ,PALET,60,1440,1.0619
M00069,YUVARLAK KUTU 245-175 VERNIKLI 2 PARÇA,01,Mamul,SK01,Yuvarlak Kutu,KA6,Bal-Reçel,245-175,Kalıp 245-175,B2,Vernikli,P2,2 Parça,Yuvarlak Tin 245-175 Vernikli 2 pc,180,ADET,KOLİ,PALET,12,240,7.02
M00070,KALP KUTU 160-090 HAM TENEKE 3 PARÇA,01,Mamul,SK09,Kalp Kutu,KA3,Kozmetik,160-090,Kalıp 160-090,B3,Ham Teneke,P3,3 Parça,Kalp Tin 160-090 Ham Teneke 3 pc,85,ADET,KOLİ,PALET,48,960,7.7278
M00071,YUVARLAK KUTU 255-205 HAM TENEKE 3 PARÇA,01,Mamul,SK01,Yuvarlak Kutu,KA5,Endüstriyel,255-205,Kalıp 255-205,B3,Ham Teneke,P3,3 Parça,Yuvarlak Tin 255-205 Ham Teneke 3 pc,210,ADET,KOLİ,PALET,24,576,13.8248
M00072,DIKDORTGEN KUTU 145-095 HAM TENEKE 3 PARÇA,01,Mamul,SK04,Dikdortgen Kutu,KA3,Kozmetik,145-095,Kalıp 145-095,B3,Ham Teneke,P3,3 Parça,Dikdortgen Tin 145-095 Ham Teneke 3 pc,100,ADET,KOLİ,PALET,100,2000,6.0657
M00073,TEPSI 325-125 LITOGRAFI 3 PARÇA,01,Mamul,SK11,Tepsi,KA2,Boya-Kimya,325-125,Kalıp 325-125,B1,Litografi,P3,3 Parça,Tepsi 325-125 Litografi 3 pc,120,ADET,KOLİ,PALET,12,288,0.9893
M00074,YUVARLAK-SIVAMA KUTU Ø068 VERNIKLI 2 PARÇA,01,Mamul,SK02,Yuvarlak-Sivama Kutu,KA6,Bal-Reçel,DIA-068,Kalıp DIA-068,B2,Vernikli,P2,2 Parça,Yuvarlak-Drawn Tin Ø068 Vernikli 2 pc,72,ADET,KOLİ,PALET,24,720,0.8407
M00075,YUVARLAK KUTU 094-050 LITOGRAFI 3 PARÇA,01,Mamul,SK01,Yuvarlak Kutu,KA3,Kozmetik,094-050,Kalıp 094-050,B1,Litografi,P3,3 Parça,Yuvarlak Tin 094-050 Litografi 3 pc,45,ADET,KOLİ,PALET,48,1152,2.2256
M00076,TEPSI 325-125 MAT LAK 2 PARÇA,01,Mamul,SK11,Tepsi,KA6,Bal-Reçel,325-125,Kalıp 325-125,B4,Mat Lak,P2,2 Parça,Tepsi 325-125 Mat Lak 2 pc,120,ADET,KOLİ,PALET,48,1440,10.6383
M00077,DIKDORTGEN KUTU Ø068 LITOGRAFI 2 PARÇA,01,Mamul,SK04,Dikdortgen Kutu,KA5,Endüstriyel,DIA-068,Kalıp DIA-068,B1,Litografi,P2,2 Parça,Dikdortgen Tin Ø068 Litografi 2 pc,72,ADET,KOLİ,PALET,12,240,8.465
M00078,YUVARLAK KUTU 255-205 MAT LAK 2 PARÇA,01,Mamul,SK01,Yuvarlak Kutu,KA3,Kozmetik,255-205,Kalıp 255-205,B4,Mat Lak,P2,2 Parça,Yuvarlak Tin 255-205 Mat Lak 2 pc,210,ADET,KOLİ,PALET,12,288,10.5865
M00079,YUVARLAK KUTU 078-095 HAM TENEKE 3 PARÇA,01,Mamul,SK01,Yuvarlak Kutu,KA6,Bal-Reçel,078-095,Kalıp 078-095,B3,Ham Teneke,P3,3 Parça,Yuvarlak Tin 078-095 Ham Teneke 3 pc,100,ADET,KOLİ,PALET,100,2400,9.604
M00080,YUVARLAK KUTU 094-050 MAT LAK 3 PARÇA,01,Mamul,SK01,Yuvarlak Kutu,KA6,Bal-Reçel,094-050,Kalıp 094-050,B4,Mat Lak,P3,3 Parça,Yuvarlak Tin 094-050 Mat Lak 3 pc,45,ADET,KOLİ,PALET,100,2000,7.1399
M00081,YUVARLAK KUTU 255-205 MAT LAK 3 PARÇA,01,Mamul,SK01,Yuvarlak Kutu,KA4,Hediyelik,255-205,Kalıp 255-205,B4,Mat Lak,P3,3 Parça,Yuvarlak Tin 255-205 Mat Lak 3 pc,210,ADET,KOLİ,PALET,60,1200,1.7961
M00082,YUVARLAK KUTU Ø092 VERNIKLI 2 PARÇA,01,Mamul,SK01,Yuvarlak Kutu,KA5,Endüstriyel,DIA-092,Kalıp DIA-092,B2,Vernikli,P2,2 Parça,Yuvarlak Tin Ø092 Vernikli 2 pc,99,ADET,KOLİ,PALET,12,360,9.2402
M00083,YUVARLAK-SIVAMA KUTU Ø068 LITOGRAFI 3 PARÇA,01,Mamul,SK02,Yuvarlak-Sivama Kutu,KA2,Boya-Kimya,DIA-068,Kalıp DIA-068,B1,Litografi,P3,3 Parça,Yuvarlak-Drawn Tin Ø068 Litografi 3 pc,72,ADET,KOLİ,PALET,12,240,6.3438
M00084,TEPSI 325-125 VERNIKLI 2 PARÇA,01,Mamul,SK11,Tepsi,KA1,Gıda,325-125,Kalıp 325-125,B2,Vernikli,P2,2 Parça,Tepsi 325-125 Vernikli 2 pc,120,ADET,KOLİ,PALET,100,2000,2.5608
M00085,YUVARLAK KUTU 160-090 HAM TENEKE 2 PARÇA,01,Mamul,SK01,Yuvarlak Kutu,KA2,Boya-Kimya,160-090,Kalıp 160-090,B3,Ham Teneke,P2,2 Parça,Yuvarlak Tin 160-090 Ham Teneke 2 pc,85,ADET,KOLİ,PALET,48,960,7.077
M00086,YUVARLAK KUTU 255-205 HAM TENEKE 2 PARÇA,01,Mamul,SK01,Yuvarlak Kutu,KA4,Hediyelik,255-205,Kalıp 255-205,B3,Ham Teneke,P2,2 Parça,Yuvarlak Tin 255-205 Ham Teneke 2 pc,210,ADET,KOLİ,PALET,100,3000,3.2759
M00087,YUVARLAK KUTU 255-205 MAT LAK 3 PARÇA,01,Mamul,SK01,Yuvarlak Kutu,KA2,Boya-Kimya,255-205,Kalıp 255-205,B4,Mat Lak,P3,3 Parça,Yuvarlak Tin 255-205 Mat Lak 3 pc,210,ADET,KOLİ,PALET,60,1440,8.8228
M00088,YUVARLAK KUTU 120-105 LITOGRAFI 2 PARÇA,01,Mamul,SK01,Yuvarlak Kutu,KA1,Gıda,120-105,Kalıp 120-105,B1,Litografi,P2,2 Parça,Yuvarlak Tin 120-105 Litografi 2 pc,110,ADET,KOLİ,PALET,60,1200,2.2914
M00089,DIKDORTGEN KUTU 185-115 HAM TENEKE 2 PARÇA,01,Mamul,SK04,Dikdortgen Kutu,KA5,Endüstriyel,185-115,Kalıp 185-115,B3,Ham Teneke,P2,2 Parça,Dikdortgen Tin 185-115 Ham Teneke 2 pc,110,ADET,KOLİ,PALET,60,1800,5.5583
M00090,PLAKA-BARDAK ALTI 205-050 HAM TENEKE 2 PARÇA,01,Mamul,SK16,Plaka-Bardak Alti,KA4,Hediyelik,205-050,Kalıp 205-050,B3,Ham Teneke,P2,2 Parça,Plaka-Bardak Alti 205-050 Ham Teneke 2 pc,45,ADET,KOLİ,PALET,48,1152,0.7405
M00091,DIKDORTGEN KUTU Ø148 MAT LAK 3 PARÇA,01,Mamul,SK04,Dikdortgen Kutu,KA4,Hediyelik,DIA-148,Kalıp DIA-148,B4,Mat Lak,P3,3 Parça,Dikdortgen Tin Ø148 Mat Lak 3 pc,153,ADET,KOLİ,PALET,60,1440,10.2918
M00092,YUVARLAK KUTU Ø050 LITOGRAFI 3 PARÇA,01,Mamul,SK01,Yuvarlak Kutu,KA6,Bal-Reçel,DIA-050,Kalıp DIA-050,B1,Litografi,P3,3 Parça,Yuvarlak Tin Ø050 Litografi 3 pc,55,ADET,KOLİ,PALET,24,720,9.803
M00093,YUVARLAK KUTU Y120-105 LITOGRAFI 2 PARÇA,01,Mamul,SK01,Yuvarlak Kutu,KA5,Endüstriyel,Y120-105,Kalıp Y120-105,B1,Litografi,P2,2 Parça,Yuvarlak Tin Y120-105 Litografi 2 pc,110,ADET,KOLİ,PALET,60,1800,10.817
M00094,YUVARLAK KUTU 135-145 MAT LAK 3 PARÇA,01,Mamul,SK01,Yuvarlak Kutu,KA5,Endüstriyel,135-145,Kalıp 135-145,B4,Mat Lak,P3,3 Parça,Yuvarlak Tin 135-145 Mat Lak 3 pc,140,ADET,KOLİ,PALET,12,240,4.278
M00095,YUVARLAK KUTU 078-095 MAT LAK 3 PARÇA,01,Mamul,SK01,Yuvarlak Kutu,KA1,Gıda,078-095,Kalıp 078-095,B4,Mat Lak,P3,3 Parça,Yuvarlak Tin 078-095 Mat Lak 3 pc,100,ADET,KOLİ,PALET,12,240,9.2763
M00096,KARE KUTU 225-165 MAT LAK 2 PARÇA,01,Mamul,SK03,Kare Kutu,KA1,Gıda,225-165,Kalıp 225-165,B4,Mat Lak,P2,2 Parça,Kare Tin 225-165 Mat Lak 2 pc,160,ADET,KOLİ,PALET,60,1200,9.0929
M00097,YUVARLAK KUTU Ø050 MAT LAK 2 PARÇA,01,Mamul,SK01,Yuvarlak Kutu,KA3,Kozmetik,DIA-050,Kalıp DIA-050,B4,Mat Lak,P2,2 Parça,Yuvarlak Tin Ø050 Mat Lak 2 pc,55,ADET,KOLİ,PALET,60,1800,10.1301
M00098,YUVARLAK KUTU 255-205 VERNIKLI 2 PARÇA,01,Mamul,SK01,Yuvarlak Kutu,KA2,Boya-Kimya,255-205,Kalıp 255-205,B2,Vernikli,P2,2 Parça,Yuvarlak Tin 255-205 Vernikli 2 pc,210,ADET,KOLİ,PALET,12,360,1.0383
M00099,YUVARLAK KUTU Ø148 MAT LAK 2 PARÇA,01,Mamul,SK01,Yuvarlak Kutu,KA1,Gıda,DIA-148,Kalıp DIA-148,B4,Mat Lak,P2,2 Parça,Yuvarlak Tin Ø148 Mat Lak 2 pc,153,ADET,KOLİ,PALET,48,1152,5.3786
M00100,YUVARLAK KUTU 210-255 LITOGRAFI 2 PARÇA,01,Mamul,SK01,Yuvarlak Kutu,KA2,Boya-Kimya,210-255,Kalıp 210-255,B1,Litografi,P2,2 Parça,Yuvarlak Tin 210-255 Litografi 2 pc,260,ADET,KOLİ,PALET,12,360,7.4092
M00101,YUVARLAK KUTU 094-050 HAM TENEKE 3 PARÇA,01,Mamul,SK01,Yuvarlak Kutu,KA6,Bal-Reçel,094-050,Kalıp 094-050,B3,Ham Teneke,P3,3 Parça,Yuvarlak Tin 094-050 Ham Teneke 3 pc,45,ADET,KOLİ,PALET,12,240,4.5092
M00102,YUVARLAK KUTU 210-255 HAM TENEKE 3 PARÇA,01,Mamul,SK01,Yuvarlak Kutu,KA6,Bal-Reçel,210-255,Kalıp 210-255,B3,Ham Teneke,P3,3 Parça,Yuvarlak Tin 210-255 Ham Teneke 3 pc,260,ADET,KOLİ,PALET,60,1800,2.4011
M00103,DIKDORTGEN KUTU 185-115 VERNIKLI 2 PARÇA,01,Mamul,SK04,Dikdortgen Kutu,KA6,Bal-Reçel,185-115,Kalıp 185-115,B2,Vernikli,P2,2 Parça,Dikdortgen Tin 185-115 Vernikli 2 pc,110,ADET,KOLİ,PALET,48,1440,10.6488
M00104,DIKDORTGEN KUTU 185-115 HAM TENEKE 2 PARÇA,01,Mamul,SK04,Dikdortgen Kutu,KA6,Bal-Reçel,185-115,Kalıp 185-115,B3,Ham Teneke,P2,2 Parça,Dikdortgen Tin 185-115 Ham Teneke 2 pc,110,ADET,KOLİ,PALET,100,3000,6.4237
M00105,PLAKA-BARDAK ALTI 205-050 VERNIKLI 3 PARÇA,01,Mamul,SK16,Plaka-Bardak Alti,KA5,Endüstriyel,205-050,Kalıp 205-050,B2,Vernikli,P3,3 Parça,Plaka-Bardak Alti 205-050 Vernikli 3 pc,45,ADET,KOLİ,PALET,100,2400,10.9346
M00106,TEPSI 325-125 HAM TENEKE 2 PARÇA,01,Mamul,SK11,Tepsi,KA5,Endüstriyel,325-125,Kalıp 325-125,B3,Ham Teneke,P2,2 Parça,Tepsi 325-125 Ham Teneke 2 pc,120,ADET,KOLİ,PALET,12,240,1.092
M00107,YUVARLAK KUTU 210-255 VERNIKLI 3 PARÇA,01,Mamul,SK01,Yuvarlak Kutu,KA3,Kozmetik,210-255,Kalıp 210-255,B2,Vernikli,P3,3 Parça,Yuvarlak Tin 210-255 Vernikli 3 pc,260,ADET,KOLİ,PALET,48,1152,3.5917
M00108,ALTIGEN KUTU 125-085 HAM TENEKE 3 PARÇA,01,Mamul,SK06,Altıgen Kutu,KA2,Boya-Kimya,125-085,Kalıp 125-085,B3,Ham Teneke,P3,3 Parça,Altıgen Tin 125-085 Ham Teneke 3 pc,90,ADET,KOLİ,PALET,100,2000,0.8933
M00109,DIKDORTGEN KUTU 145-095 HAM TENEKE 3 PARÇA,01,Mamul,SK04,Dikdortgen Kutu,KA3,Kozmetik,145-095,Kalıp 145-095,B3,Ham Teneke,P3,3 Parça,Dikdortgen Tin 145-095 Ham Teneke 3 pc,100,ADET,KOLİ,PALET,100,3000,8.0759
M00110,OVAL KUTU 295-165 HAM TENEKE 2 PARÇA,01,Mamul,SK05,Oval Kutu,KA1,Gıda,295-165,Kalıp 295-165,B3,Ham Teneke,P2,2 Parça,Oval Tin 295-165 Ham Teneke 2 pc,160,ADET,KOLİ,PALET,48,960,10.0014
M00111,KARE KUTU 225-165 MAT LAK 2 PARÇA,01,Mamul,SK03,Kare Kutu,KA4,Hediyelik,225-165,Kalıp 225-165,B4,Mat Lak,P2,2 Parça,Kare Tin 225-165 Mat Lak 2 pc,160,ADET,KOLİ,PALET,60,1800,1.0771
M00112,PLAKA-BARDAK ALTI 205-050 LITOGRAFI 3 PARÇA,01,Mamul,SK16,Plaka-Bardak Alti,KA4,Hediyelik,205-050,Kalıp 205-050,B1,Litografi,P3,3 Parça,Plaka-Bardak Alti 205-050 Litografi 3 pc,45,ADET,KOLİ,PALET,24,576,11.1433
M00113,YUVARLAK KUTU Y120-105 MAT LAK 3 PARÇA,01,Mamul,SK01,Yuvarlak Kutu,KA1,Gıda,Y120-105,Kalıp Y120-105,B4,Mat Lak,P3,3 Parça,Yuvarlak Tin Y120-105 Mat Lak 3 pc,110,ADET,KOLİ,PALET,100,3000,9.2152
M00114,YUVARLAK KUTU 210-255 VERNIKLI 2 PARÇA,01,Mamul,SK01,Yuvarlak Kutu,KA3,Kozmetik,210-255,Kalıp 210-255,B2,Vernikli,P2,2 Parça,Yuvarlak Tin 210-255 Vernikli 2 pc,260,ADET,KOLİ,PALET,24,480,13.8781
M00115,OVAL KUTU 295-165 VERNIKLI 2 PARÇA,01,Mamul,SK05,Oval Kutu,KA1,Gıda,295-165,Kalıp 295-165,B2,Vernikli,P2,2 Parça,Oval Tin 295-165 Vernikli 2 pc,160,ADET,KOLİ,PALET,48,960,1.4276
M00116,YUVARLAK-SIVAMA KUTU 225-165 LITOGRAFI 2 PARÇA,01,Mamul,SK02,Yuvarlak-Sivama Kutu,KA3,Kozmetik,225-165,Kalıp 225-165,B1,Litografi,P2,2 Parça,Yuvarlak-Drawn Tin 225-165 Litografi 2 pc,160,ADET,KOLİ,PALET,48,960,4.5086
M00117,YUVARLAK KUTU Y120-105 HAM TENEKE 3 PARÇA,01,Mamul,SK01,Yuvarlak Kutu,KA5,Endüstriyel,Y120-105,Kalıp Y120-105,B3,Ham Teneke,P3,3 Parça,Yuvarlak Tin Y120-105 Ham Teneke 3 pc,110,ADET,KOLİ,PALET,12,360,3.83
M00118,SEKIZGEN KUTU 135-145 VERNIKLI 3 PARÇA,01,Mamul,SK07,Sekizgen Kutu,KA6,Bal-Reçel,135-145,Kalıp 135-145,B2,Vernikli,P3,3 Parça,Sekizgen Tin 135-145 Vernikli 3 pc,140,ADET,KOLİ,PALET,48,1440,1.0126
M00119,DIKDORTGEN KUTU 210-080 VERNIKLI 2 PARÇA,01,Mamul,SK04,Dikdortgen Kutu,KA3,Kozmetik,210-080,Kalıp 210-080,B2,Vernikli,P2,2 Parça,Dikdortgen Tin 210-080 Vernikli 2 pc,75,ADET,KOLİ,PALET,24,480,3.9763
M00120,ALTIGEN KUTU 125-085 LITOGRAFI 2 PARÇA,01,Mamul,SK06,Altıgen Kutu,KA2,Boya-Kimya,125-085,Kalıp 125-085,B1,Litografi,P2,2 Parça,Altıgen Tin 125-085 Litografi 2 pc,90,ADET,KOLİ,PALET,100,2400,1.1247
M00121,YUVARLAK KUTU 094-050 HAM TENEKE 3 PARÇA,01,Mamul,SK01,Yuvarlak Kutu,KA6,Bal-Reçel,094-050,Kalıp 094-050,B3,Ham Teneke,P3,3 Parça,Yuvarlak Tin 094-050 Ham Teneke 3 pc,45,ADET,KOLİ,PALET,60,1440,8.2983
M00122,SEKIZGEN KUTU 135-145 HAM TENEKE 2 PARÇA,01,Mamul,SK07,Sekizgen Kutu,KA1,Gıda,135-145,Kalıp 135-145,B3,Ham Teneke,P2,2 Parça,Sekizgen Tin 135-145 Ham Teneke 2 pc,140,ADET,KOLİ,PALET,60,1440,5.037
M00123,YUVARLAK KUTU 078-095 VERNIKLI 2 PARÇA,01,Mamul,SK01,Yuvarlak Kutu,KA2,Boya-Kimya,078-095,Kalıp 078-095,B2,Vernikli,P2,2 Parça,Yuvarlak Tin 078-095 Vernikli 2 pc,100,ADET,KOLİ,PALET,12,360,10.4798
M00124,KAPAK 090-065 HAM TENEKE 3 PARÇA,01,Mamul,SK12,Kapak,KA6,Bal-Reçel,090-065,Kalıp 090-065,B3,Ham Teneke,P3,3 Parça,Kapak 090-065 Ham Teneke 3 pc,60,ADET,KOLİ,PALET,12,288,2.2625
M00125,KALP KUTU 160-090 MAT LAK 3 PARÇA,01,Mamul,SK09,Kalp Kutu,KA5,Endüstriyel,160-090,Kalıp 160-090,B4,Mat Lak,P3,3 Parça,Kalp Tin 160-090 Mat Lak 3 pc,85,ADET,KOLİ,PALET,12,240,3.0429
M00126,YUVARLAK KUTU 094-050 VERNIKLI 3 PARÇA,01,Mamul,SK01,Yuvarlak Kutu,KA2,Boya-Kimya,094-050,Kalıp 094-050,B2,Vernikli,P3,3 Parça,Yuvarlak Tin 094-050 Vernikli 3 pc,45,ADET,KOLİ,PALET,60,1800,4.9799
M00127,YUVARLAK KUTU 158-175 LITOGRAFI 3 PARÇA,01,Mamul,SK01,Yuvarlak Kutu,KA5,Endüstriyel,158-175,Kalıp 158-175,B1,Litografi,P3,3 Parça,Yuvarlak Tin 158-175 Litografi 3 pc,180,ADET,KOLİ,PALET,12,288,11.1357
M00128,YUVARLAK KUTU Ø148 HAM TENEKE 2 PARÇA,01,Mamul,SK01,Yuvarlak Kutu,KA4,Hediyelik,DIA-148,Kalıp DIA-148,B3,Ham Teneke,P2,2 Parça,Yuvarlak Tin Ø148 Ham Teneke 2 pc,153,ADET,KOLİ,PALET,48,1152,10.1014
M00129,OVAL KUTU 295-165 HAM TENEKE 3 PARÇA,01,Mamul,SK05,Oval Kutu,KA2,Boya-Kimya,295-165,Kalıp 295-165,B3,Ham Teneke,P3,3 Parça,Oval Tin 295-165 Ham Teneke 3 pc,160,ADET,KOLİ,PALET,12,240,10.4923
M00130,YUVARLAK KUTU 245-175 LITOGRAFI 2 PARÇA,01,Mamul,SK01,Yuvarlak Kutu,KA5,Endüstriyel,245-175,Kalıp 245-175,B1,Litografi,P2,2 Parça,Yuvarlak Tin 245-175 Litografi 2 pc,180,ADET,KOLİ,PALET,48,960,13.6831
M00131,YUVARLAK-SIVAMA KUTU Ø068 LITOGRAFI 3 PARÇA,01,Mamul,SK02,Yuvarlak-Sivama Kutu,KA5,Endüstriyel,DIA-068,Kalıp DIA-068,B1,Litografi,P3,3 Parça,Yuvarlak-Drawn Tin Ø068 Litografi 3 pc,72,ADET,KOLİ,PALET,48,1440,2.2957
M00132,TEPSI 325-125 LITOGRAFI 2 PARÇA,01,Mamul,SK11,Tepsi,KA3,Kozmetik,325-125,Kalıp 325-125,B1,Litografi,P2,2 Parça,Tepsi 325-125 Litografi 2 pc,120,ADET,KOLİ,PALET,24,576,7.4709
M00133,KOSELI SIVAMA KUTU 210-080 HAM TENEKE 3 PARÇA,01,Mamul,SK10,Koseli Sivama Kutu,KA4,Hediyelik,210-080,Kalıp 210-080,B3,Ham Teneke,P3,3 Parça,Koseli Drawn Tin 210-080 Ham Teneke 3 pc,75,ADET,KOLİ,PALET,12,360,1.1145
M00134,KOSELI SIVAMA KUTU 210-080 MAT LAK 3 PARÇA,01,Mamul,SK10,Koseli Sivama Kutu,KA6,Bal-Reçel,210-080,Kalıp 210-080,B4,Mat Lak,P3,3 Parça,Koseli Drawn Tin 210-080 Mat Lak 3 pc,75,ADET,KOLİ,PALET,60,1440,7.8226
M00135,YUVARLAK KUTU 120-105 VERNIKLI 2 PARÇA,01,Mamul,SK01,Yuvarlak Kutu,KA4,Hediyelik,120-105,Kalıp 120-105,B2,Vernikli,P2,2 Parça,Yuvarlak Tin 120-105 Vernikli 2 pc,110,ADET,KOLİ,PALET,60,1200,4.9248
M00136,YUVARLAK KUTU Ø050 VERNIKLI 2 PARÇA,01,Mamul,SK01,Yuvarlak Kutu,KA1,Gıda,DIA-050,Kalıp DIA-050,B2,Vernikli,P2,2 Parça,Yuvarlak Tin Ø050 Vernikli 2 pc,55,ADET,KOLİ,PALET,24,576,5.3485
M00137,DIKDORTGEN KUTU 245-175 MAT LAK 3 PARÇA,01,Mamul,SK04,Dikdortgen Kutu,KA5,Endüstriyel,245-175,Kalıp 245-175,B4,Mat Lak,P3,3 Parça,Dikdortgen Tin 245-175 Mat Lak 3 pc,180,ADET,KOLİ,PALET,60,1800,3.095
M00138,YUVARLAK-SIVAMA KUTU Ø068 LITOGRAFI 3 PARÇA,01,Mamul,SK02,Yuvarlak-Sivama Kutu,KA6,Bal-Reçel,DIA-068,Kalıp DIA-068,B1,Litografi,P3,3 Parça,Yuvarlak-Drawn Tin Ø068 Litografi 3 pc,72,ADET,KOLİ,PALET,12,240,5.8121
M00139,KALP KUTU 160-090 LITOGRAFI 2 PARÇA,01,Mamul,SK09,Kalp Kutu,KA4,Hediyelik,160-090,Kalıp 160-090,B1,Litografi,P2,2 Parça,Kalp Tin 160-090 Litografi 2 pc,85,ADET,KOLİ,PALET,100,3000,5.0654
M00140,TEPSI 325-125 VERNIKLI 2 PARÇA,01,Mamul,SK11,Tepsi,KA3,Kozmetik,325-125,Kalıp 325-125,B2,Vernikli,P2,2 Parça,Tepsi 325-125 Vernikli 2 pc,120,ADET,KOLİ,PALET,60,1200,6.7546
M00141,SEKIZGEN KUTU 135-145 LITOGRAFI 3 PARÇA,01,Mamul,SK07,Sekizgen Kutu,KA2,Boya-Kimya,135-145,Kalıp 135-145,B1,Litografi,P3,3 Parça,Sekizgen Tin 135-145 Litografi 3 pc,140,ADET,KOLİ,PALET,24,480,11.4288
M00142,YUVARLAK KUTU 158-175 LITOGRAFI 2 PARÇA,01,Mamul,SK01,Yuvarlak Kutu,KA1,Gıda,158-175,Kalıp 158-175,B1,Litografi,P2,2 Parça,Yuvarlak Tin 158-175 Litografi 2 pc,180,ADET,KOLİ,PALET,60,1440,4.4769
M00143,YUVARLAK KUTU 210-255 HAM TENEKE 3 PARÇA,01,Mamul,SK01,Yuvarlak Kutu,KA6,Bal-Reçel,210-255,Kalıp 210-255,B3,Ham Teneke,P3,3 Parça,Yuvarlak Tin 210-255 Ham Teneke 3 pc,260,ADET,KOLİ,PALET,48,960,5.2095
M00144,YUVARLAK KUTU 210-255 VERNIKLI 2 PARÇA,01,Mamul,SK01,Yuvarlak Kutu,KA3,Kozmetik,210-255,Kalıp 210-255,B2,Vernikli,P2,2 Parça,Yuvarlak Tin 210-255 Vernikli 2 pc,260,ADET,KOLİ,PALET,12,360,11.6768
M00145,YUVARLAK KUTU Ø148 HAM TENEKE 3 PARÇA,01,Mamul,SK01,Yuvarlak Kutu,KA1,Gıda,DIA-148,Kalıp DIA-148,B3,Ham Teneke,P3,3 Parça,Yuvarlak Tin Ø148 Ham Teneke 3 pc,153,ADET,KOLİ,PALET,60,1440,6.1717
M00146,TEPSI 325-125 HAM TENEKE 3 PARÇA,01,Mamul,SK11,Tepsi,KA4,Hediyelik,325-125,Kalıp 325-125,B3,Ham Teneke,P3,3 Parça,Tepsi 325-125 Ham Teneke 3 pc,120,ADET,KOLİ,PALET,12,288,3.4048
M00147,YUVARLAK KUTU 094-050 MAT LAK 3 PARÇA,01,Mamul,SK01,Yuvarlak Kutu,KA6,Bal-Reçel,094-050,Kalıp 094-050,B4,Mat Lak,P3,3 Parça,Yuvarlak Tin 094-050 Mat Lak 3 pc,45,ADET,KOLİ,PALET,12,288,8.5521
M00148,YUVARLAK KUTU 120-105 HAM TENEKE 2 PARÇA,01,Mamul,SK01,Yuvarlak Kutu,KA6,Bal-Reçel,120-105,Kalıp 120-105,B3,Ham Teneke,P2,2 Parça,Yuvarlak Tin 120-105 Ham Teneke 2 pc,110,ADET,KOLİ,PALET,100,3000,6.824
M00149,YUVARLAK KUTU Ø092 HAM TENEKE 3 PARÇA,01,Mamul,SK01,Yuvarlak Kutu,KA2,Boya-Kimya,DIA-092,Kalıp DIA-092,B3,Ham Teneke,P3,3 Parça,Yuvarlak Tin Ø092 Ham Teneke 3 pc,99,ADET,KOLİ,PALET,60,1800,9.807
M00150,KARE KUTU 295-165 MAT LAK 2 PARÇA,01,Mamul,SK03,Kare Kutu,KA6,Bal-Reçel,295-165,Kalıp 295-165,B4,Mat Lak,P2,2 Parça,Kare Tin 295-165 Mat Lak 2 pc,160,ADET,KOLİ,PALET,100,2400,8.3393
M00151,DIKDORTGEN KUTU 185-115 VERNIKLI 3 PARÇA,01,Mamul,SK04,Dikdortgen Kutu,KA5,Endüstriyel,185-115,Kalıp 185-115,B2,Vernikli,P3,3 Parça,Dikdortgen Tin 185-115 Vernikli 3 pc,110,ADET,KOLİ,PALET,12,240,3.7254
M00152,SEKILLI KUTU 255-205 LITOGRAFI 2 PARÇA,01,Mamul,SK08,Sekilli Kutu,KA6,Bal-Reçel,255-205,Kalıp 255-205,B1,Litografi,P2,2 Parça,Sekilli Tin 255-205 Litografi 2 pc,210,ADET,KOLİ,PALET,60,1440,11.2024
M00153,YUVARLAK KUTU 255-205 HAM TENEKE 2 PARÇA,01,Mamul,SK01,Yuvarlak Kutu,KA3,Kozmetik,255-205,Kalıp 255-205,B3,Ham Teneke,P2,2 Parça,Yuvarlak Tin 255-205 Ham Teneke 2 pc,210,ADET,KOLİ,PALET,24,720,4.12
M00154,YUVARLAK KUTU 120-105 VERNIKLI 2 PARÇA,01,Mamul,SK01,Yuvarlak Kutu,KA6,Bal-Reçel,120-105,Kalıp 120-105,B2,Vernikli,P2,2 Parça,Yuvarlak Tin 120-105 Vernikli 2 pc,110,ADET,KOLİ,PALET,12,360,11.9142
M00155,YUVARLAK KUTU 078-095 LITOGRAFI 2 PARÇA,01,Mamul,SK01,Yuvarlak Kutu,KA5,Endüstriyel,078-095,Kalıp 078-095,B1,Litografi,P2,2 Parça,Yuvarlak Tin 078-095 Litografi 2 pc,100,ADET,KOLİ,PALET,12,240,13.0492
M00156,DIKDORTGEN KUTU 145-095 LITOGRAFI 2 PARÇA,01,Mamul,SK04,Dikdortgen Kutu,KA2,Boya-Kimya,145-095,Kalıp 145-095,B1,Litografi,P2,2 Parça,Dikdortgen Tin 145-095 Litografi 2 pc,100,ADET,KOLİ,PALET,48,1440,5.9727
M00157,KALP KUTU 160-090 LITOGRAFI 3 PARÇA,01,Mamul,SK09,Kalp Kutu,KA3,Kozmetik,160-090,Kalıp 160-090,B1,Litografi,P3,3 Parça,Kalp Tin 160-090 Litografi 3 pc,85,ADET,KOLİ,PALET,100,2000,8.342
M00158,YUVARLAK KUTU 245-175 LITOGRAFI 2 PARÇA,01,Mamul,SK01,Yuvarlak Kutu,KA3,Kozmetik,245-175,Kalıp 245-175,B1,Litografi,P2,2 Parça,Yuvarlak Tin 245-175 Litografi 2 pc,180,ADET,KOLİ,PALET,24,576,3.5465
M00159,SEKILLI KUTU 175-205 MAT LAK 2 PARÇA,01,Mamul,SK08,Sekilli Kutu,KA5,Endüstriyel,175-205,Kalıp 175-205,B4,Mat Lak,P2,2 Parça,Sekilli Tin 175-205 Mat Lak 2 pc,200,ADET,KOLİ,PALET,60,1440,11.5116
M00160,DIKDORTGEN KUTU 185-115 MAT LAK 3 PARÇA,01,Mamul,SK04,Dikdortgen Kutu,KA2,Boya-Kimya,185-115,Kalıp 185-115,B4,Mat Lak,P3,3 Parça,Dikdortgen Tin 185-115 Mat Lak 3 pc,110,ADET,KOLİ,PALET,48,960,7.0133
M00161,YUVARLAK KUTU Ø092 VERNIKLI 3 PARÇA,01,Mamul,SK01,Yuvarlak Kutu,KA4,Hediyelik,DIA-092,Kalıp DIA-092,B2,Vernikli,P3,3 Parça,Yuvarlak Tin Ø092 Vernikli 3 pc,99,ADET,KOLİ,PALET,48,1152,1.2776
M00162,TEPSI 325-125 LITOGRAFI 3 PARÇA,01,Mamul,SK11,Tepsi,KA1,Gıda,325-125,Kalıp 325-125,B1,Litografi,P3,3 Parça,Tepsi 325-125 Litografi 3 pc,120,ADET,KOLİ,PALET,12,240,1.5547
M00163,PLAKA-BARDAK ALTI 205-050 MAT LAK 3 PARÇA,01,Mamul,SK16,Plaka-Bardak Alti,KA6,Bal-Reçel,205-050,Kalıp 205-050,B4,Mat Lak,P3,3 Parça,Plaka-Bardak Alti 205-050 Mat Lak 3 pc,45,ADET,KOLİ,PALET,60,1440,1.9632
M00164,YUVARLAK KUTU 210-255 VERNIKLI 3 PARÇA,01,Mamul,SK01,Yuvarlak Kutu,KA1,Gıda,210-255,Kalıp 210-255,B2,Vernikli,P3,3 Parça,Yuvarlak Tin 210-255 Vernikli 3 pc,260,ADET,KOLİ,PALET,60,1440,8.5122
M00165,YUVARLAK KUTU 078-095 VERNIKLI 2 PARÇA,01,Mamul,SK01,Yuvarlak Kutu,KA6,Bal-Reçel,078-095,Kalıp 078-095,B2,Vernikli,P2,2 Parça,Yuvarlak Tin 078-095 Vernikli 2 pc,100,ADET,KOLİ,PALET,100,2000,4.6738
M00166,ALTIGEN KUTU 125-085 LITOGRAFI 3 PARÇA,01,Mamul,SK06,Altıgen Kutu,KA2,Boya-Kimya,125-085,Kalıp 125-085,B1,Litografi,P3,3 Parça,Altıgen Tin 125-085 Litografi 3 pc,90,ADET,KOLİ,PALET,48,1440,9.7698
M00167,ALTIGEN KUTU 125-085 HAM TENEKE 2 PARÇA,01,Mamul,SK06,Altıgen Kutu,KA2,Boya-Kimya,125-085,Kalıp 125-085,B3,Ham Teneke,P2,2 Parça,Altıgen Tin 125-085 Ham Teneke 2 pc,90,ADET,KOLİ,PALET,12,288,6.4454
M00168,YUVARLAK KUTU Ø148 HAM TENEKE 2 PARÇA,01,Mamul,SK01,Yuvarlak Kutu,KA6,Bal-Reçel,DIA-148,Kalıp DIA-148,B3,Ham Teneke,P2,2 Parça,Yuvarlak Tin Ø148 Ham Teneke 2 pc,153,ADET,KOLİ,PALET,48,1152,3.4597
M00169,DIKDORTGEN KUTU 185-115 HAM TENEKE 2 PARÇA,01,Mamul,SK04,Dikdortgen Kutu,KA6,Bal-Reçel,185-115,Kalıp 185-115,B3,Ham Teneke,P2,2 Parça,Dikdortgen Tin 185-115 Ham Teneke 2 pc,110,ADET,KOLİ,PALET,48,1152,2.8041
M00170,YUVARLAK KUTU Ø050 LITOGRAFI 3 PARÇA,01,Mamul,SK01,Yuvarlak Kutu,KA1,Gıda,DIA-050,Kalıp DIA-050,B1,Litografi,P3,3 Parça,Yuvarlak Tin Ø050 Litografi 3 pc,55,ADET,KOLİ,PALET,12,288,7.117
M00171,SEKILLI KUTU 175-205 VERNIKLI 3 PARÇA,01,Mamul,SK08,Sekilli Kutu,KA2,Boya-Kimya,175-205,Kalıp 175-205,B2,Vernikli,P3,3 Parça,Sekilli Tin 175-205 Vernikli 3 pc,200,ADET,KOLİ,PALET,100,3000,1.0262
M00172,SEKIZGEN KUTU 135-145 VERNIKLI 3 PARÇA,01,Mamul,SK07,Sekizgen Kutu,KA6,Bal-Reçel,135-145,Kalıp 135-145,B2,Vernikli,P3,3 Parça,Sekizgen Tin 135-145 Vernikli 3 pc,140,ADET,KOLİ,PALET,60,1800,10.5212
M00173,YUVARLAK KUTU 255-205 VERNIKLI 3 PARÇA,01,Mamul,SK01,Yuvarlak Kutu,KA1,Gıda,255-205,Kalıp 255-205,B2,Vernikli,P3,3 Parça,Yuvarlak Tin 255-205 Vernikli 3 pc,210,ADET,KOLİ,PALET,24,576,4.3509
M00174,DIKDORTGEN KUTU 145-095 HAM TENEKE 2 PARÇA,01,Mamul,SK04,Dikdortgen Kutu,KA1,Gıda,145-095,Kalıp 145-095,B3,Ham Teneke,P2,2 Parça,Dikdortgen Tin 145-095 Ham Teneke 2 pc,100,ADET,KOLİ,PALET,24,576,4.7004
M00175,YUVARLAK KUTU Ø050 MAT LAK 2 PARÇA,01,Mamul,SK01,Yuvarlak Kutu,KA1,Gıda,DIA-050,Kalıp DIA-050,B4,Mat Lak,P2,2 Parça,Yuvarlak Tin Ø050 Mat Lak 2 pc,55,ADET,KOLİ,PALET,12,360,10.1552
M00176,YUVARLAK KUTU Ø148 LITOGRAFI 2 PARÇA,01,Mamul,SK01,Yuvarlak Kutu,KA4,Hediyelik,DIA-148,Kalıp DIA-148,B1,Litografi,P2,2 Parça,Yuvarlak Tin Ø148 Litografi 2 pc,153,ADET,KOLİ,PALET,60,1800,7.7806
M00177,SEKILLI KUTU 175-205 LITOGRAFI 2 PARÇA,01,Mamul,SK08,Sekilli Kutu,KA2,Boya-Kimya,175-205,Kalıp 175-205,B1,Litografi,P2,2 Parça,Sekilli Tin 175-205 Litografi 2 pc,200,ADET,KOLİ,PALET,60,1200,9.1483
M00178,OVAL KUTU 295-165 MAT LAK 3 PARÇA,01,Mamul,SK05,Oval Kutu,KA4,Hediyelik,295-165,Kalıp 295-165,B4,Mat Lak,P3,3 Parça,Oval Tin 295-165 Mat Lak 3 pc,160,ADET,KOLİ,PALET,24,720,15.9537
M00179,KARE KUTU 160-090 LITOGRAFI 2 PARÇA,01,Mamul,SK03,Kare Kutu,KA5,Endüstriyel,160-090,Kalıp 160-090,B1,Litografi,P2,2 Parça,Kare Tin 160-090 Litografi 2 pc,85,ADET,KOLİ,PALET,100,3000,0.8058
M00180,YUVARLAK KUTU 078-095 VERNIKLI 3 PARÇA,01,Mamul,SK01,Yuvarlak Kutu,KA6,Bal-Reçel,078-095,Kalıp 078-095,B2,Vernikli,P3,3 Parça,Yuvarlak Tin 078-095 Vernikli 3 pc,100,ADET,KOLİ,PALET,12,288,4.5987
M00181,KAPAK 090-065 LITOGRAFI 2 PARÇA,01,Mamul,SK12,Kapak,KA6,Bal-Reçel,090-065,Kalıp 090-065,B1,Litografi,P2,2 Parça,Kapak 090-065 Litografi 2 pc,60,ADET,KOLİ,PALET,60,1200,11.2776
M00182,OVAL KUTU 295-165 MAT LAK 2 PARÇA,01,Mamul,SK05,Oval Kutu,KA5,Endüstriyel,295-165,Kalıp 295-165,B4,Mat Lak,P2,2 Parça,Oval Tin 295-165 Mat Lak 2 pc,160,ADET,KOLİ,PALET,60,1800,12.6085
M00183,YUVARLAK KUTU 158-175 LITOGRAFI 2 PARÇA,01,Mamul,SK01,Yuvarlak Kutu,KA2,Boya-Kimya,158-175,Kalıp 158-175,B1,Litografi,P2,2 Parça,Yuvarlak Tin 158-175 Litografi 2 pc,180,ADET,KOLİ,PALET,24,720,4.6811
M00184,ALTIGEN KUTU 125-085 HAM TENEKE 3 PARÇA,01,Mamul,SK06,Altıgen Kutu,KA6,Bal-Reçel,125-085,Kalıp 125-085,B3,Ham Teneke,P3,3 Parça,Altıgen Tin 125-085 Ham Teneke 3 pc,90,ADET,KOLİ,PALET,48,960,9.8488
M00185,YUVARLAK KUTU 210-255 HAM TENEKE 3 PARÇA,01,Mamul,SK01,Yuvarlak Kutu,KA4,Hediyelik,210-255,Kalıp 210-255,B3,Ham Teneke,P3,3 Parça,Yuvarlak Tin 210-255 Ham Teneke 3 pc,260,ADET,KOLİ,PALET,24,576,2.3569
M00186,KOSELI SIVAMA KUTU 210-080 MAT LAK 2 PARÇA,01,Mamul,SK10,Koseli Sivama Kutu,KA6,Bal-Reçel,210-080,Kalıp 210-080,B4,Mat Lak,P2,2 Parça,Koseli Drawn Tin 210-080 Mat Lak 2 pc,75,ADET,KOLİ,PALET,12,288,2.5865
M00187,TEPSI 090-065 LITOGRAFI 2 PARÇA,01,Mamul,SK11,Tepsi,KA4,Hediyelik,090-065,Kalıp 090-065,B1,Litografi,P2,2 Parça,Tepsi 090-065 Litografi 2 pc,60,ADET,KOLİ,PALET,48,1440,4.8737
M00188,YUVARLAK KUTU 078-095 MAT LAK 3 PARÇA,01,Mamul,SK01,Yuvarlak Kutu,KA4,Hediyelik,078-095,Kalıp 078-095,B4,Mat Lak,P3,3 Parça,Yuvarlak Tin 078-095 Mat Lak 3 pc,100,ADET,KOLİ,PALET,24,720,9.8791
M00189,SEKILLI KUTU 245-175 MAT LAK 2 PARÇA,01,Mamul,SK08,Sekilli Kutu,KA6,Bal-Reçel,245-175,Kalıp 245-175,B4,Mat Lak,P2,2 Parça,Sekilli Tin 245-175 Mat Lak 2 pc,180,ADET,KOLİ,PALET,48,1440,8.9449
M00190,YUVARLAK KUTU 210-255 VERNIKLI 3 PARÇA,01,Mamul,SK01,Yuvarlak Kutu,KA5,Endüstriyel,210-255,Kalıp 210-255,B2,Vernikli,P3,3 Parça,Yuvarlak Tin 210-255 Vernikli 3 pc,260,ADET,KOLİ,PALET,48,1152,9.0125
M00191,PLAKA-BARDAK ALTI 205-050 LITOGRAFI 3 PARÇA,01,Mamul,SK16,Plaka-Bardak Alti,KA5,Endüstriyel,205-050,Kalıp 205-050,B1,Litografi,P3,3 Parça,Plaka-Bardak Alti 205-050 Litografi 3 pc,45,ADET,KOLİ,PALET,60,1200,5.4536
M00192,YUVARLAK KUTU 145-095 HAM TENEKE 2 PARÇA,01,Mamul,SK01,Yuvarlak Kutu,KA1,Gıda,145-095,Kalıp 145-095,B3,Ham Teneke,P2,2 Parça,Yuvarlak Tin 145-095 Ham Teneke 2 pc,100,ADET,KOLİ,PALET,24,480,7.4567
M00193,YUVARLAK KUTU 255-205 VERNIKLI 2 PARÇA,01,Mamul,SK01,Yuvarlak Kutu,KA1,Gıda,255-205,Kalıp 255-205,B2,Vernikli,P2,2 Parça,Yuvarlak Tin 255-205 Vernikli 2 pc,210,ADET,KOLİ,PALET,60,1440,15.4997
M00194,SEKILLI KUTU Ø092 VERNIKLI 2 PARÇA,01,Mamul,SK08,Sekilli Kutu,KA4,Hediyelik,DIA-092,Kalıp DIA-092,B2,Vernikli,P2,2 Parça,Sekilli Tin Ø092 Vernikli 2 pc,99,ADET,KOLİ,PALET,12,240,8.1347
M00195,YUVARLAK KUTU Ø148 LITOGRAFI 3 PARÇA,01,Mamul,SK01,Yuvarlak Kutu,KA1,Gıda,DIA-148,Kalıp DIA-148,B1,Litografi,P3,3 Parça,Yuvarlak Tin Ø148 Litografi 3 pc,153,ADET,KOLİ,PALET,60,1200,1.7527
M00196,KOSELI SIVAMA KUTU 210-080 LITOGRAFI 2 PARÇA,01,Mamul,SK10,Koseli Sivama Kutu,KA2,Boya-Kimya,210-080,Kalıp 210-080,B1,Litografi,P2,2 Parça,Koseli Drawn Tin 210-080 Litografi 2 pc,75,ADET,KOLİ,PALET,12,240,8.9925
M00197,SEKIZGEN KUTU 135-145 HAM TENEKE 2 PARÇA,01,Mamul,SK07,Sekizgen Kutu,KA1,Gıda,135-145,Kalıp 135-145,B3,Ham Teneke,P2,2 Parça,Sekizgen Tin 135-145 Ham Teneke 2 pc,140,ADET,KOLİ,PALET,12,240,9.8156
M00198,PLAKA-BARDAK ALTI 205-050 LITOGRAFI 2 PARÇA,01,Mamul,SK16,Plaka-Bardak Alti,KA2,Boya-Kimya,205-050,Kalıp 205-050,B1,Litografi,P2,2 Parça,Plaka-Bardak Alti 205-050 Litografi 2 pc,45,ADET,KOLİ,PALET,100,2000,3.7859
M00199,DIKDORTGEN KUTU 145-095 VERNIKLI 2 PARÇA,01,Mamul,SK04,Dikdortgen Kutu,KA5,Endüstriyel,145-095,Kalıp 145-095,B2,Vernikli,P2,2 Parça,Dikdortgen Tin 145-095 Vernikli 2 pc,100,ADET,KOLİ,PALET,24,480,5.1361
M00200,YUVARLAK KUTU 078-095 HAM TENEKE 2 PARÇA,01,Mamul,SK01,Yuvarlak Kutu,KA1,Gıda,078-095,Kalıp 078-095,B3,Ham Teneke,P2,2 Parça,Yuvarlak Tin 078-095 Ham Teneke 2 pc,100,ADET,KOLİ,PALET,100,2000,6.4686
M00201,YUVARLAK KUTU Ø050 LITOGRAFI 3 PARÇA,01,Mamul,SK01,Yuvarlak Kutu,KA1,Gıda,DIA-050,Kalıp DIA-050,B1,Litografi,P3,3 Parça,Yuvarlak Tin Ø050 Litografi 3 pc,55,ADET,KOLİ,PALET,12,288,8.4089
M00202,YUVARLAK KUTU 255-205 MAT LAK 2 PARÇA,01,Mamul,SK01,Yuvarlak Kutu,KA6,Bal-Reçel,255-205,Kalıp 255-205,B4,Mat Lak,P2,2 Parça,Yuvarlak Tin 255-205 Mat Lak 2 pc,210,ADET,KOLİ,PALET,60,1440,2.5324
M00203,YUVARLAK KUTU Ø050 VERNIKLI 3 PARÇA,01,Mamul,SK01,Yuvarlak Kutu,KA3,Kozmetik,DIA-050,Kalıp DIA-050,B2,Vernikli,P3,3 Parça,Yuvarlak Tin Ø050 Vernikli 3 pc,55,ADET,KOLİ,PALET,48,1440,2.1687
M00204,SEKILLI KUTU 175-205 LITOGRAFI 3 PARÇA,01,Mamul,SK08,Sekilli Kutu,KA4,Hediyelik,175-205,Kalıp 175-205,B1,Litografi,P3,3 Parça,Sekilli Tin 175-205 Litografi 3 pc,200,ADET,KOLİ,PALET,12,288,1.1274
M00205,OVAL KUTU 295-165 VERNIKLI 3 PARÇA,01,Mamul,SK05,Oval Kutu,KA5,Endüstriyel,295-165,Kalıp 295-165,B2,Vernikli,P3,3 Parça,Oval Tin 295-165 Vernikli 3 pc,160,ADET,KOLİ,PALET,24,480,13.7368
M00206,DIKDORTGEN KUTU 145-095 VERNIKLI 3 PARÇA,01,Mamul,SK04,Dikdortgen Kutu,KA5,Endüstriyel,145-095,Kalıp 145-095,B2,Vernikli,P3,3 Parça,Dikdortgen Tin 145-095 Vernikli 3 pc,100,ADET,KOLİ,PALET,60,1800,9.4984
M00207,YUVARLAK KUTU Ø068 MAT LAK 3 PARÇA,01,Mamul,SK01,Yuvarlak Kutu,KA2,Boya-Kimya,DIA-068,Kalıp DIA-068,B4,Mat Lak,P3,3 Parça,Yuvarlak Tin Ø068 Mat Lak 3 pc,72,ADET,KOLİ,PALET,60,1200,1.0417
M00208,KOSELI SIVAMA KUTU 210-080 HAM TENEKE 2 PARÇA,01,Mamul,SK10,Koseli Sivama Kutu,KA2,Boya-Kimya,210-080,Kalıp 210-080,B3,Ham Teneke,P2,2 Parça,Koseli Drawn Tin 210-080 Ham Teneke 2 pc,75,ADET,KOLİ,PALET,24,720,10.9774
M00209,YUVARLAK KUTU Ø148 MAT LAK 3 PARÇA,01,Mamul,SK01,Yuvarlak Kutu,KA3,Kozmetik,DIA-148,Kalıp DIA-148,B4,Mat Lak,P3,3 Parça,Yuvarlak Tin Ø148 Mat Lak 3 pc,153,ADET,KOLİ,PALET,24,576,6.0192
M00210,YUVARLAK KUTU 325-125 HAM TENEKE 3 PARÇA,01,Mamul,SK01,Yuvarlak Kutu,KA4,Hediyelik,325-125,Kalıp 325-125,B3,Ham Teneke,P3,3 Parça,Yuvarlak Tin 325-125 Ham Teneke 3 pc,120,ADET,KOLİ,PALET,100,2000,1.0572
M00211,YUVARLAK-SIVAMA KUTU Ø068 LITOGRAFI 3 PARÇA,01,Mamul,SK02,Yuvarlak-Sivama Kutu,KA3,Kozmetik,DIA-068,Kalıp DIA-068,B1,Litografi,P3,3 Parça,Yuvarlak-Drawn Tin Ø068 Litografi 3 pc,72,ADET,KOLİ,PALET,48,1440,9.8794
M00212,DIKDORTGEN KUTU 145-095 MAT LAK 2 PARÇA,01,Mamul,SK04,Dikdortgen Kutu,KA2,Boya-Kimya,145-095,Kalıp 145-095,B4,Mat Lak,P2,2 Parça,Dikdortgen Tin 145-095 Mat Lak 2 pc,100,ADET,KOLİ,PALET,60,1800,6.12
M00213,YUVARLAK KUTU Y120-105 HAM TENEKE 2 PARÇA,01,Mamul,SK01,Yuvarlak Kutu,KA2,Boya-Kimya,Y120-105,Kalıp Y120-105,B3,Ham Teneke,P2,2 Parça,Yuvarlak Tin Y120-105 Ham Teneke 2 pc,110,ADET,KOLİ,PALET,48,960,5.05
M00214,YUVARLAK KUTU Ø050 MAT LAK 3 PARÇA,01,Mamul,SK01,Yuvarlak Kutu,KA4,Hediyelik,DIA-050,Kalıp DIA-050,B4,Mat Lak,P3,3 Parça,Yuvarlak Tin Ø050 Mat Lak 3 pc,55,ADET,KOLİ,PALET,12,360,2.6787
M00215,KALP KUTU 160-090 MAT LAK 3 PARÇA,01,Mamul,SK09,Kalp Kutu,KA6,Bal-Reçel,160-090,Kalıp 160-090,B4,Mat Lak,P3,3 Parça,Kalp Tin 160-090 Mat Lak 3 pc,85,ADET,KOLİ,PALET,12,240,5.8949
M00216,DIKDORTGEN KUTU 145-095 MAT LAK 2 PARÇA,01,Mamul,SK04,Dikdortgen Kutu,KA6,Bal-Reçel,145-095,Kalıp 145-095,B4,Mat Lak,P2,2 Parça,Dikdortgen Tin 145-095 Mat Lak 2 pc,100,ADET,KOLİ,PALET,100,2000,1.3643
M00217,DIKDORTGEN KUTU 145-095 VERNIKLI 3 PARÇA,01,Mamul,SK04,Dikdortgen Kutu,KA5,Endüstriyel,145-095,Kalıp 145-095,B2,Vernikli,P3,3 Parça,Dikdortgen Tin 145-095 Vernikli 3 pc,100,ADET,KOLİ,PALET,48,1440,5.8668
M00218,KARE KUTU 225-165 HAM TENEKE 3 PARÇA,01,Mamul,SK03,Kare Kutu,KA3,Kozmetik,225-165,Kalıp 225-165,B3,Ham Teneke,P3,3 Parça,Kare Tin 225-165 Ham Teneke 3 pc,160,ADET,KOLİ,PALET,100,3000,15.8444
M00219,DIKDORTGEN KUTU 185-115 LITOGRAFI 2 PARÇA,01,Mamul,SK04,Dikdortgen Kutu,KA3,Kozmetik,185-115,Kalıp 185-115,B1,Litografi,P2,2 Parça,Dikdortgen Tin 185-115 Litografi 2 pc,110,ADET,KOLİ,PALET,12,360,12.5328
M00220,OVAL KUTU 295-165 LITOGRAFI 3 PARÇA,01,Mamul,SK05,Oval Kutu,KA5,Endüstriyel,295-165,Kalıp 295-165,B1,Litografi,P3,3 Parça,Oval Tin 295-165 Litografi 3 pc,160,ADET,KOLİ,PALET,60,1440,3.9772
M00221,YUVARLAK KUTU 120-105 HAM TENEKE 2 PARÇA,01,Mamul,SK01,Yuvarlak Kutu,KA3,Kozmetik,120-105,Kalıp 120-105,B3,Ham Teneke,P2,2 Parça,Yuvarlak Tin 120-105 Ham Teneke 2 pc,110,ADET,KOLİ,PALET,100,3000,1.9779
M00222,YUVARLAK KUTU 094-050 VERNIKLI 2 PARÇA,01,Mamul,SK01,Yuvarlak Kutu,KA4,Hediyelik,094-050,Kalıp 094-050,B2,Vernikli,P2,2 Parça,Yuvarlak Tin 094-050 Vernikli 2 pc,45,ADET,KOLİ,PALET,24,480,1.4705
M00223,YUVARLAK KUTU 255-205 LITOGRAFI 2 PARÇA,01,Mamul,SK01,Yuvarlak Kutu,KA3,Kozmetik,255-205,Kalıp 255-205,B1,Litografi,P2,2 Parça,Yuvarlak Tin 255-205 Litografi 2 pc,210,ADET,KOLİ,PALET,12,240,6.9687
M00224,TEPSI 325-125 VERNIKLI 3 PARÇA,01,Mamul,SK11,Tepsi,KA4,Hediyelik,325-125,Kalıp 325-125,B2,Vernikli,P3,3 Parça,Tepsi 325-125 Vernikli 3 pc,120,ADET,KOLİ,PALET,60,1200,11.0755
M00225,DIKDORTGEN KUTU 185-115 MAT LAK 3 PARÇA,01,Mamul,SK04,Dikdortgen Kutu,KA5,Endüstriyel,185-115,Kalıp 185-115,B4,Mat Lak,P3,3 Parça,Dikdortgen Tin 185-115 Mat Lak 3 pc,110,ADET,KOLİ,PALET,24,480,3.7483
M00226,KALP KUTU 160-090 LITOGRAFI 2 PARÇA,01,Mamul,SK09,Kalp Kutu,KA2,Boya-Kimya,160-090,Kalıp 160-090,B1,Litografi,P2,2 Parça,Kalp Tin 160-090 Litografi 2 pc,85,ADET,KOLİ,PALET,24,720,9.3061
M00227,YUVARLAK KUTU 090-065 LITOGRAFI 3 PARÇA,01,Mamul,SK01,Yuvarlak Kutu,KA5,Endüstriyel,090-065,Kalıp 090-065,B1,Litografi,P3,3 Parça,Yuvarlak Tin 090-065 Litografi 3 pc,60,ADET,KOLİ,PALET,24,720,2.4136
M00228,YUVARLAK KUTU 094-050 LITOGRAFI 2 PARÇA,01,Mamul,SK01,Yuvarlak Kutu,KA5,Endüstriyel,094-050,Kalıp 094-050,B1,Litografi,P2,2 Parça,Yuvarlak Tin 094-050 Litografi 2 pc,45,ADET,KOLİ,PALET,24,720,11.487
M00229,YUVARLAK KUTU 094-050 VERNIKLI 3 PARÇA,01,Mamul,SK01,Yuvarlak Kutu,KA6,Bal-Reçel,094-050,Kalıp 094-050,B2,Vernikli,P3,3 Parça,Yuvarlak Tin 094-050 Vernikli 3 pc,45,ADET,KOLİ,PALET,100,2400,2.7065
M00230,YUVARLAK KUTU 094-050 LITOGRAFI 2 PARÇA,01,Mamul,SK01,Yuvarlak Kutu,KA6,Bal-Reçel,094-050,Kalıp 094-050,B1,Litografi,P2,2 Parça,Yuvarlak Tin 094-050 Litografi 2 pc,45,ADET,KOLİ,PALET,60,1200,5.678
M00231,YUVARLAK KUTU 120-105 LITOGRAFI 2 PARÇA,01,Mamul,SK01,Yuvarlak Kutu,KA2,Boya-Kimya,120-105,Kalıp 120-105,B1,Litografi,P2,2 Parça,Yuvarlak Tin 120-105 Litografi 2 pc,110,ADET,KOLİ,PALET,12,288,1.4852
M00232,PLAKA-BARDAK ALTI 205-050 MAT LAK 2 PARÇA,01,Mamul,SK16,Plaka-Bardak Alti,KA4,Hediyelik,205-050,Kalıp 205-050,B4,Mat Lak,P2,2 Parça,Plaka-Bardak Alti 205-050 Mat Lak 2 pc,45,ADET,KOLİ,PALET,24,720,8.6304
M00233,YUVARLAK KUTU Ø148 VERNIKLI 2 PARÇA,01,Mamul,SK01,Yuvarlak Kutu,KA3,Kozmetik,DIA-148,Kalıp DIA-148,B2,Vernikli,P2,2 Parça,Yuvarlak Tin Ø148 Vernikli 2 pc,153,ADET,KOLİ,PALET,100,2400,4.728
M00234,YUVARLAK KUTU Ø050 LITOGRAFI 3 PARÇA,01,Mamul,SK01,Yuvarlak Kutu,KA3,Kozmetik,DIA-050,Kalıp DIA-050,B1,Litografi,P3,3 Parça,Yuvarlak Tin Ø050 Litografi 3 pc,55,ADET,KOLİ,PALET,60,1200,7.5205
M00235,DIKDORTGEN KUTU 185-115 HAM TENEKE 3 PARÇA,01,Mamul,SK04,Dikdortgen Kutu,KA1,Gıda,185-115,Kalıp 185-115,B3,Ham Teneke,P3,3 Parça,Dikdortgen Tin 185-115 Ham Teneke 3 pc,110,ADET,KOLİ,PALET,100,2400,1.828
M00236,YUVARLAK KUTU Ø050 HAM TENEKE 2 PARÇA,01,Mamul,SK01,Yuvarlak Kutu,KA1,Gıda,DIA-050,Kalıp DIA-050,B3,Ham Teneke,P2,2 Parça,Yuvarlak Tin Ø050 Ham Teneke 2 pc,55,ADET,KOLİ,PALET,48,1152,9.4249
M00237,KALP KUTU 160-090 HAM TENEKE 2 PARÇA,01,Mamul,SK09,Kalp Kutu,KA6,Bal-Reçel,160-090,Kalıp 160-090,B3,Ham Teneke,P2,2 Parça,Kalp Tin 160-090 Ham Teneke 2 pc,85,ADET,KOLİ,PALET,100,2000,2.4696
M00238,YUVARLAK KUTU 245-175 MAT LAK 2 PARÇA,01,Mamul,SK01,Yuvarlak Kutu,KA2,Boya-Kimya,245-175,Kalıp 245-175,B4,Mat Lak,P2,2 Parça,Yuvarlak Tin 245-175 Mat Lak 2 pc,180,ADET,KOLİ,PALET,48,1152,6.9291
M00239,KAPAK 090-065 MAT LAK 3 PARÇA,01,Mamul,SK12,Kapak,KA6,Bal-Reçel,090-065,Kalıp 090-065,B4,Mat Lak,P3,3 Parça,Kapak 090-065 Mat Lak 3 pc,60,ADET,KOLİ,PALET,12,288,7.2983
M00240,YUVARLAK KUTU 255-205 HAM TENEKE 3 PARÇA,01,Mamul,SK01,Yuvarlak Kutu,KA6,Bal-Reçel,255-205,Kalıp 255-205,B3,Ham Teneke,P3,3 Parça,Yuvarlak Tin 255-205 Ham Teneke 3 pc,210,ADET,KOLİ,PALET,48,1440,8.7646
M00241,YUVARLAK KUTU 210-080 MAT LAK 2 PARÇA,01,Mamul,SK01,Yuvarlak Kutu,KA4,Hediyelik,210-080,Kalıp 210-080,B4,Mat Lak,P2,2 Parça,Yuvarlak Tin 210-080 Mat Lak 2 pc,75,ADET,KOLİ,PALET,60,1440,3.4401
M00242,YUVARLAK KUTU Ø092 VERNIKLI 2 PARÇA,01,Mamul,SK01,Yuvarlak Kutu,KA2,Boya-Kimya,DIA-092,Kalıp DIA-092,B2,Vernikli,P2,2 Parça,Yuvarlak Tin Ø092 Vernikli 2 pc,99,ADET,KOLİ,PALET,12,360,9.2289
M00243,SEKILLI KUTU 175-205 HAM TENEKE 3 PARÇA,01,Mamul,SK08,Sekilli Kutu,KA4,Hediyelik,175-205,Kalıp 175-205,B3,Ham Teneke,P3,3 Parça,Sekilli Tin 175-205 Ham Teneke 3 pc,200,ADET,KOLİ,PALET,48,1440,7.7675
M00244,KOSELI SIVAMA KUTU 210-080 HAM TENEKE 2 PARÇA,01,Mamul,SK10,Koseli Sivama Kutu,KA6,Bal-Reçel,210-080,Kalıp 210-080,B3,Ham Teneke,P2,2 Parça,Koseli Drawn Tin 210-080 Ham Teneke 2 pc,75,ADET,KOLİ,PALET,100,2000,5.5981
M00245,OVAL KUTU 295-165 VERNIKLI 3 PARÇA,01,Mamul,SK05,Oval Kutu,KA6,Bal-Reçel,295-165,Kalıp 295-165,B2,Vernikli,P3,3 Parça,Oval Tin 295-165 Vernikli 3 pc,160,ADET,KOLİ,PALET,48,960,6.2859
M00246,SEKILLI KUTU 175-205 VERNIKLI 2 PARÇA,01,Mamul,SK08,Sekilli Kutu,KA6,Bal-Reçel,175-205,Kalıp 175-205,B2,Vernikli,P2,2 Parça,Sekilli Tin 175-205 Vernikli 2 pc,200,ADET,KOLİ,PALET,100,2400,10.4471
M00247,YUVARLAK KUTU Ø050 LITOGRAFI 2 PARÇA,01,Mamul,SK01,Yuvarlak Kutu,KA3,Kozmetik,DIA-050,Kalıp DIA-050,B1,Litografi,P2,2 Parça,Yuvarlak Tin Ø050 Litografi 2 pc,55,ADET,KOLİ,PALET,100,3000,6.4171
M00248,KAPAK 090-065 VERNIKLI 2 PARÇA,01,Mamul,SK12,Kapak,KA2,Boya-Kimya,090-065,Kalıp 090-065,B2,Vernikli,P2,2 Parça,Kapak 090-065 Vernikli 2 pc,60,ADET,KOLİ,PALET,24,480,6.8552
M00249,YUVARLAK-SIVAMA KUTU Ø068 LITOGRAFI 2 PARÇA,01,Mamul,SK02,Yuvarlak-Sivama Kutu,KA1,Gıda,DIA-068,Kalıp DIA-068,B1,Litografi,P2,2 Parça,Yuvarlak-Drawn Tin Ø068 Litografi 2 pc,72,ADET,KOLİ,PALET,48,1152,10.1952
M00250,SEKILLI KUTU 175-205 MAT LAK 3 PARÇA,01,Mamul,SK08,Sekilli Kutu,KA1,Gıda,175-205,Kalıp 175-205,B4,Mat Lak,P3,3 Parça,Sekilli Tin 175-205 Mat Lak 3 pc,200,ADET,KOLİ,PALET,48,1440,9.3997
M00251,DIKDORTGEN KUTU 185-115 HAM TENEKE 3 PARÇA,01,Mamul,SK04,Dikdortgen Kutu,KA4,Hediyelik,185-115,Kalıp 185-115,B3,Ham Teneke,P3,3 Parça,Dikdortgen Tin 185-115 Ham Teneke 3 pc,110,ADET,KOLİ,PALET,24,576,9.6075
M00252,DIKDORTGEN KUTU 205-050 HAM TENEKE 3 PARÇA,01,Mamul,SK04,Dikdortgen Kutu,KA2,Boya-Kimya,205-050,Kalıp 205-050,B3,Ham Teneke,P3,3 Parça,Dikdortgen Tin 205-050 Ham Teneke 3 pc,45,ADET,KOLİ,PALET,24,480,8.0873
M00253,YUVARLAK KUTU 094-050 MAT LAK 2 PARÇA,01,Mamul,SK01,Yuvarlak Kutu,KA6,Bal-Reçel,094-050,Kalıp 094-050,B4,Mat Lak,P2,2 Parça,Yuvarlak Tin 094-050 Mat Lak 2 pc,45,ADET,KOLİ,PALET,60,1800,8.5666
M00254,YUVARLAK KUTU 245-175 VERNIKLI 2 PARÇA,01,Mamul,SK01,Yuvarlak Kutu,KA4,Hediyelik,245-175,Kalıp 245-175,B2,Vernikli,P2,2 Parça,Yuvarlak Tin 245-175 Vernikli 2 pc,180,ADET,KOLİ,PALET,60,1440,10.4428
M00255,YUVARLAK KUTU Ø148 MAT LAK 3 PARÇA,01,Mamul,SK01,Yuvarlak Kutu,KA2,Boya-Kimya,DIA-148,Kalıp DIA-148,B4,Mat Lak,P3,3 Parça,Yuvarlak Tin Ø148 Mat Lak 3 pc,153,ADET,KOLİ,PALET,60,1440,13.2017
M00256,PLAKA-BARDAK ALTI 205-050 VERNIKLI 2 PARÇA,01,Mamul,SK16,Plaka-Bardak Alti,KA4,Hediyelik,205-050,Kalıp 205-050,B2,Vernikli,P2,2 Parça,Plaka-Bardak Alti 205-050 Vernikli 2 pc,45,ADET,KOLİ,PALET,100,2000,6.5002
M00257,YUVARLAK KUTU 210-255 MAT LAK 2 PARÇA,01,Mamul,SK01,Yuvarlak Kutu,KA5,Endüstriyel,210-255,Kalıp 210-255,B4,Mat Lak,P2,2 Parça,Yuvarlak Tin 210-255 Mat Lak 2 pc,260,ADET,KOLİ,PALET,100,3000,14.6595
M00258,PLAKA-BARDAK ALTI 185-115 LITOGRAFI 3 PARÇA,01,Mamul,SK16,Plaka-Bardak Alti,KA2,Boya-Kimya,185-115,Kalıp 185-115,B1,Litografi,P3,3 Parça,Plaka-Bardak Alti 185-115 Litografi 3 pc,110,ADET,KOLİ,PALET,12,288,1.0001
M00259,YUVARLAK KUTU Ø092 HAM TENEKE 3 PARÇA,01,Mamul,SK01,Yuvarlak Kutu,KA6,Bal-Reçel,DIA-092,Kalıp DIA-092,B3,Ham Teneke,P3,3 Parça,Yuvarlak Tin Ø092 Ham Teneke 3 pc,99,ADET,KOLİ,PALET,100,3000,3.9611
M00260,YUVARLAK KUTU 120-105 LITOGRAFI 2 PARÇA,01,Mamul,SK01,Yuvarlak Kutu,KA1,Gıda,120-105,Kalıp 120-105,B1,Litografi,P2,2 Parça,Yuvarlak Tin 120-105 Litografi 2 pc,110,ADET,KOLİ,PALET,100,3000,5.7597
M00261,KALP KUTU 160-090 VERNIKLI 2 PARÇA,01,Mamul,SK09,Kalp Kutu,KA5,Endüstriyel,160-090,Kalıp 160-090,B2,Vernikli,P2,2 Parça,Kalp Tin 160-090 Vernikli 2 pc,85,ADET,KOLİ,PALET,60,1200,9.7788
M00262,KARE KUTU 225-165 MAT LAK 3 PARÇA,01,Mamul,SK03,Kare Kutu,KA3,Kozmetik,225-165,Kalıp 225-165,B4,Mat Lak,P3,3 Parça,Kare Tin 225-165 Mat Lak 3 pc,160,ADET,KOLİ,PALET,24,720,4.9576
M00263,DIKDORTGEN KUTU 185-115 LITOGRAFI 2 PARÇA,01,Mamul,SK04,Dikdortgen Kutu,KA6,Bal-Reçel,185-115,Kalıp 185-115,B1,Litografi,P2,2 Parça,Dikdortgen Tin 185-115 Litografi 2 pc,110,ADET,KOLİ,PALET,48,1440,11.2746
M00264,YUVARLAK KUTU Ø050 HAM TENEKE 2 PARÇA,01,Mamul,SK01,Yuvarlak Kutu,KA5,Endüstriyel,DIA-050,Kalıp DIA-050,B3,Ham Teneke,P2,2 Parça,Yuvarlak Tin Ø050 Ham Teneke 2 pc,55,ADET,KOLİ,PALET,48,1440,6.4548
M00265,YUVARLAK KUTU Ø050 MAT LAK 2 PARÇA,01,Mamul,SK01,Yuvarlak Kutu,KA3,Kozmetik,DIA-050,Kalıp DIA-050,B4,Mat Lak,P2,2 Parça,Yuvarlak Tin Ø050 Mat Lak 2 pc,55,ADET,KOLİ,PALET,12,240,7.6395
M00266,SEKIZGEN KUTU 135-145 HAM TENEKE 3 PARÇA,01,Mamul,SK07,Sekizgen Kutu,KA1,Gıda,135-145,Kalıp 135-145,B3,Ham Teneke,P3,3 Parça,Sekizgen Tin 135-145 Ham Teneke 3 pc,140,ADET,KOLİ,PALET,12,240,7.6302
M00267,OVAL KUTU 094-050 VERNIKLI 3 PARÇA,01,Mamul,SK05,Oval Kutu,KA3,Kozmetik,094-050,Kalıp 094-050,B2,Vernikli,P3,3 Parça,Oval Tin 094-050 Vernikli 3 pc,45,ADET,KOLİ,PALET,24,480,4.4947
M00268,KOSELI SIVAMA KUTU 210-080 LITOGRAFI 2 PARÇA,01,Mamul,SK10,Koseli Sivama Kutu,KA3,Kozmetik,210-080,Kalıp 210-080,B1,Litografi,P2,2 Parça,Koseli Drawn Tin 210-080 Litografi 2 pc,75,ADET,KOLİ,PALET,48,1440,10.7006
M00269,DIKDORTGEN KUTU 145-095 HAM TENEKE 3 PARÇA,01,Mamul,SK04,Dikdortgen Kutu,KA6,Bal-Reçel,145-095,Kalıp 145-095,B3,Ham Teneke,P3,3 Parça,Dikdortgen Tin 145-095 Ham Teneke 3 pc,100,ADET,KOLİ,PALET,48,1152,7.6063
M00270,KALP KUTU 160-090 HAM TENEKE 3 PARÇA,01,Mamul,SK09,Kalp Kutu,KA5,Endüstriyel,160-090,Kalıp 160-090,B3,Ham Teneke,P3,3 Parça,Kalp Tin 160-090 Ham Teneke 3 pc,85,ADET,KOLİ,PALET,100,2400,10.6876
M00271,KALP KUTU 160-090 MAT LAK 2 PARÇA,01,Mamul,SK09,Kalp Kutu,KA4,Hediyelik,160-090,Kalıp 160-090,B4,Mat Lak,P2,2 Parça,Kalp Tin 160-090 Mat Lak 2 pc,85,ADET,KOLİ,PALET,12,240,10.3581
M00272,YUVARLAK KUTU 078-095 VERNIKLI 2 PARÇA,01,Mamul,SK01,Yuvarlak Kutu,KA5,Endüstriyel,078-095,Kalıp 078-095,B2,Vernikli,P2,2 Parça,Yuvarlak Tin 078-095 Vernikli 2 pc,100,ADET,KOLİ,PALET,12,240,6.6029
M00273,YUVARLAK KUTU 158-175 LITOGRAFI 2 PARÇA,01,Mamul,SK01,Yuvarlak Kutu,KA2,Boya-Kimya,158-175,Kalıp 158-175,B1,Litografi,P2,2 Parça,Yuvarlak Tin 158-175 Litografi 2 pc,180,ADET,KOLİ,PALET,100,2000,12.2106
M00274,ALTIGEN KUTU 125-085 HAM TENEKE 2 PARÇA,01,Mamul,SK06,Altıgen Kutu,KA3,Kozmetik,125-085,Kalıp 125-085,B3,Ham Teneke,P2,2 Parça,Altıgen Tin 125-085 Ham Teneke 2 pc,90,ADET,KOLİ,PALET,12,240,9.1925
M00275,YUVARLAK KUTU 090-065 HAM TENEKE 2 PARÇA,01,Mamul,SK01,Yuvarlak Kutu,KA3,Kozmetik,090-065,Kalıp 090-065,B3,Ham Teneke,P2,2 Parça,Yuvarlak Tin 090-065 Ham Teneke 2 pc,60,ADET,KOLİ,PALET,24,480,5.1847
M00276,YUVARLAK KUTU 255-205 MAT LAK 2 PARÇA,01,Mamul,SK01,Yuvarlak Kutu,KA2,Boya-Kimya,255-205,Kalıp 255-205,B4,Mat Lak,P2,2 Parça,Yuvarlak Tin 255-205 Mat Lak 2 pc,210,ADET,KOLİ,PALET,48,1440,1.3806
M00277,YUVARLAK KUTU Y120-105 MAT LAK 2 PARÇA,01,Mamul,SK01,Yuvarlak Kutu,KA4,Hediyelik,Y120-105,Kalıp Y120-105,B4,Mat Lak,P2,2 Parça,Yuvarlak Tin Y120-105 Mat Lak 2 pc,110,ADET,KOLİ,PALET,60,1800,5.7056
M00278,DIKDORTGEN KUTU 145-095 HAM TENEKE 2 PARÇA,01,Mamul,SK04,Dikdortgen Kutu,KA2,Boya-Kimya,145-095,Kalıp 145-095,B3,Ham Teneke,P2,2 Parça,Dikdortgen Tin 145-095 Ham Teneke 2 pc,100,ADET,KOLİ,PALET,48,1152,4.443
M00279,YUVARLAK KUTU 078-095 MAT LAK 3 PARÇA,01,Mamul,SK01,Yuvarlak Kutu,KA1,Gıda,078-095,Kalıp 078-095,B4,Mat Lak,P3,3 Parça,Yuvarlak Tin 078-095 Mat Lak 3 pc,100,ADET,KOLİ,PALET,100,3000,7.5717
M00280,PLAKA-BARDAK ALTI 205-050 LITOGRAFI 3 PARÇA,01,Mamul,SK16,Plaka-Bardak Alti,KA3,Kozmetik,205-050,Kalıp 205-050,B1,Litografi,P3,3 Parça,Plaka-Bardak Alti 205-050 Litografi 3 pc,45,ADET,KOLİ,PALET,24,576,7.6939
M00281,SEKIZGEN KUTU 135-145 VERNIKLI 2 PARÇA,01,Mamul,SK07,Sekizgen Kutu,KA1,Gıda,135-145,Kalıp 135-145,B2,Vernikli,P2,2 Parça,Sekizgen Tin 135-145 Vernikli 2 pc,140,ADET,KOLİ,PALET,48,1440,2.8255
M00282,YUVARLAK KUTU 255-205 HAM TENEKE 3 PARÇA,01,Mamul,SK01,Yuvarlak Kutu,KA3,Kozmetik,255-205,Kalıp 255-205,B3,Ham Teneke,P3,3 Parça,Yuvarlak Tin 255-205 Ham Teneke 3 pc,210,ADET,KOLİ,PALET,48,1440,11.9211
M00283,KAPAK 090-065 LITOGRAFI 3 PARÇA,01,Mamul,SK12,Kapak,KA3,Kozmetik,090-065,Kalıp 090-065,B1,Litografi,P3,3 Parça,Kapak 090-065 Litografi 3 pc,60,ADET,KOLİ,PALET,12,288,5.2069
M00284,KALP KUTU 160-090 LITOGRAFI 3 PARÇA,01,Mamul,SK09,Kalp Kutu,KA1,Gıda,160-090,Kalıp 160-090,B1,Litografi,P3,3 Parça,Kalp Tin 160-090 Litografi 3 pc,85,ADET,KOLİ,PALET,12,288,1.1672
M00285,YUVARLAK KUTU Ø092 HAM TENEKE 3 PARÇA,01,Mamul,SK01,Yuvarlak Kutu,KA4,Hediyelik,DIA-092,Kalıp DIA-092,B3,Ham Teneke,P3,3 Parça,Yuvarlak Tin Ø092 Ham Teneke 3 pc,99,ADET,KOLİ,PALET,60,1440,5.7195
M00286,KAPAK 090-065 VERNIKLI 2 PARÇA,01,Mamul,SK12,Kapak,KA5,Endüstriyel,090-065,Kalıp 090-065,B2,Vernikli,P2,2 Parça,Kapak 090-065 Vernikli 2 pc,60,ADET,KOLİ,PALET,24,480,5.2382
M00287,PLAKA-BARDAK ALTI 205-050 VERNIKLI 3 PARÇA,01,Mamul,SK16,Plaka-Bardak Alti,KA1,Gıda,205-050,Kalıp 205-050,B2,Vernikli,P3,3 Parça,Plaka-Bardak Alti 205-050 Vernikli 3 pc,45,ADET,KOLİ,PALET,48,1152,9.2784
M00288,KALP KUTU 090-065 HAM TENEKE 3 PARÇA,01,Mamul,SK09,Kalp Kutu,KA4,Hediyelik,090-065,Kalıp 090-065,B3,Ham Teneke,P3,3 Parça,Kalp Tin 090-065 Ham Teneke 3 pc,60,ADET,KOLİ,PALET,48,1152,8.5971
M00289,KALP KUTU 160-090 VERNIKLI 3 PARÇA,01,Mamul,SK09,Kalp Kutu,KA4,Hediyelik,160-090,Kalıp 160-090,B2,Vernikli,P3,3 Parça,Kalp Tin 160-090 Vernikli 3 pc,85,ADET,KOLİ,PALET,48,960,12.0487
M00290,YUVARLAK KUTU 078-095 MAT LAK 2 PARÇA,01,Mamul,SK01,Yuvarlak Kutu,KA6,Bal-Reçel,078-095,Kalıp 078-095,B4,Mat Lak,P2,2 Parça,Yuvarlak Tin 078-095 Mat Lak 2 pc,100,ADET,KOLİ,PALET,12,360,5.2995
M00291,YUVARLAK KUTU 245-175 MAT LAK 3 PARÇA,01,Mamul,SK01,Yuvarlak Kutu,KA6,Bal-Reçel,245-175,Kalıp 245-175,B4,Mat Lak,P3,3 Parça,Yuvarlak Tin 245-175 Mat Lak 3 pc,180,ADET,KOLİ,PALET,12,360,7.811
M00292,YUVARLAK KUTU 158-175 MAT LAK 3 PARÇA,01,Mamul,SK01,Yuvarlak Kutu,KA2,Boya-Kimya,158-175,Kalıp 158-175,B4,Mat Lak,P3,3 Parça,Yuvarlak Tin 158-175 Mat Lak 3 pc,180,ADET,KOLİ,PALET,24,576,10.0937
M00293,KAPAK 090-065 LITOGRAFI 2 PARÇA,01,Mamul,SK12,Kapak,KA6,Bal-Reçel,090-065,Kalıp 090-065,B1,Litografi,P2,2 Parça,Kapak 090-065 Litografi 2 pc,60,ADET,KOLİ,PALET,48,960,3.8378
M00294,KAPAK 090-065 HAM TENEKE 3 PARÇA,01,Mamul,SK12,Kapak,KA6,Bal-Reçel,090-065,Kalıp 090-065,B3,Ham Teneke,P3,3 Parça,Kapak 090-065 Ham Teneke 3 pc,60,ADET,KOLİ,PALET,24,480,7.6535
M00295,YUVARLAK KUTU 094-050 LITOGRAFI 3 PARÇA,01,Mamul,SK01,Yuvarlak Kutu,KA5,Endüstriyel,094-050,Kalıp 094-050,B1,Litografi,P3,3 Parça,Yuvarlak Tin 094-050 Litografi 3 pc,45,ADET,KOLİ,PALET,12,240,7.311
M00296,YUVARLAK KUTU Y120-105 HAM TENEKE 3 PARÇA,01,Mamul,SK01,Yuvarlak Kutu,KA2,Boya-Kimya,Y120-105,Kalıp Y120-105,B3,Ham Teneke,P3,3 Parça,Yuvarlak Tin Y120-105 Ham Teneke 3 pc,110,ADET,KOLİ,PALET,24,720,12.1576
M00297,DIKDORTGEN KUTU 145-095 HAM TENEKE 3 PARÇA,01,Mamul,SK04,Dikdortgen Kutu,KA2,Boya-Kimya,145-095,Kalıp 145-095,B3,Ham Teneke,P3,3 Parça,Dikdortgen Tin 145-095 Ham Teneke 3 pc,100,ADET,KOLİ,PALET,12,240,11.1689
M00298,YUVARLAK KUTU Ø148 VERNIKLI 2 PARÇA,01,Mamul,SK01,Yuvarlak Kutu,KA1,Gıda,DIA-148,Kalıp DIA-148,B2,Vernikli,P2,2 Parça,Yuvarlak Tin Ø148 Vernikli 2 pc,153,ADET,KOLİ,PALET,60,1440,1.8689
M00299,KOSELI SIVAMA KUTU 210-080 MAT LAK 2 PARÇA,01,Mamul,SK10,Koseli Sivama Kutu,KA1,Gıda,210-080,Kalıp 210-080,B4,Mat Lak,P2,2 Parça,Koseli Drawn Tin 210-080 Mat Lak 2 pc,75,ADET,KOLİ,PALET,60,1800,3.2387
M00300,KOSELI SIVAMA KUTU 255-205 HAM TENEKE 2 PARÇA,01,Mamul,SK10,Koseli Sivama Kutu,KA5,Endüstriyel,255-205,Kalıp 255-205,B3,Ham Teneke,P2,2 Parça,Koseli Drawn Tin 255-205 Ham Teneke 2 pc,210,ADET,KOLİ,PALET,12,240,9.3602
M00301,YUVARLAK KUTU 094-050 LITOGRAFI 3 PARÇA,01,Mamul,SK01,Yuvarlak Kutu,KA2,Boya-Kimya,094-050,Kalıp 094-050,B1,Litografi,P3,3 Parça,Yuvarlak Tin 094-050 Litografi 3 pc,45,ADET,KOLİ,PALET,24,576,4.0099
M00302,YUVARLAK KUTU 210-255 MAT LAK 2 PARÇA,01,Mamul,SK01,Yuvarlak Kutu,KA1,Gıda,210-255,Kalıp 210-255,B4,Mat Lak,P2,2 Parça,Yuvarlak Tin 210-255 Mat Lak 2 pc,260,ADET,KOLİ,PALET,48,1440,4.3907
M00303,SEKILLI KUTU 175-205 HAM TENEKE 2 PARÇA,01,Mamul,SK08,Sekilli Kutu,KA2,Boya-Kimya,175-205,Kalıp 175-205,B3,Ham Teneke,P2,2 Parça,Sekilli Tin 175-205 Ham Teneke 2 pc,200,ADET,KOLİ,PALET,100,3000,6.1256
M00304,ALTIGEN KUTU 125-085 VERNIKLI 2 PARÇA,01,Mamul,SK06,Altıgen Kutu,KA6,Bal-Reçel,125-085,Kalıp 125-085,B2,Vernikli,P2,2 Parça,Altıgen Tin 125-085 Vernikli 2 pc,90,ADET,KOLİ,PALET,60,1440,4.2182
M00305,YUVARLAK-SIVAMA KUTU Ø068 HAM TENEKE 2 PARÇA,01,Mamul,SK02,Yuvarlak-Sivama Kutu,KA5,Endüstriyel,DIA-068,Kalıp DIA-068,B3,Ham Teneke,P2,2 Parça,Yuvarlak-Drawn Tin Ø068 Ham Teneke 2 pc,72,ADET,KOLİ,PALET,60,1440,0.897
M00306,YUVARLAK KUTU 120-105 MAT LAK 2 PARÇA,01,Mamul,SK01,Yuvarlak Kutu,KA5,Endüstriyel,120-105,Kalıp 120-105,B4,Mat Lak,P2,2 Parça,Yuvarlak Tin 120-105 Mat Lak 2 pc,110,ADET,KOLİ,PALET,12,288,8.6266
M00307,YUVARLAK KUTU 158-175 HAM TENEKE 3 PARÇA,01,Mamul,SK01,Yuvarlak Kutu,KA4,Hediyelik,158-175,Kalıp 158-175,B3,Ham Teneke,P3,3 Parça,Yuvarlak Tin 158-175 Ham Teneke 3 pc,180,ADET,KOLİ,PALET,100,3000,5.1677
M00308,KOSELI SIVAMA KUTU 210-080 HAM TENEKE 3 PARÇA,01,Mamul,SK10,Koseli Sivama Kutu,KA3,Kozmetik,210-080,Kalıp 210-080,B3,Ham Teneke,P3,3 Parça,Koseli Drawn Tin 210-080 Ham Teneke 3 pc,75,ADET,KOLİ,PALET,100,3000,2.5749
M00309,YUVARLAK KUTU Y120-105 HAM TENEKE 3 PARÇA,01,Mamul,SK01,Yuvarlak Kutu,KA4,Hediyelik,Y120-105,Kalıp Y120-105,B3,Ham Teneke,P3,3 Parça,Yuvarlak Tin Y120-105 Ham Teneke 3 pc,110,ADET,KOLİ,PALET,60,1440,2.2869
M00310,YUVARLAK KUTU Ø092 LITOGRAFI 2 PARÇA,01,Mamul,SK01,Yuvarlak Kutu,KA1,Gıda,DIA-092,Kalıp DIA-092,B1,Litografi,P2,2 Parça,Yuvarlak Tin Ø092 Litografi 2 pc,99,ADET,KOLİ,PALET,48,960,2.763
M00311,DIKDORTGEN KUTU 145-095 HAM TENEKE 2 PARÇA,01,Mamul,SK04,Dikdortgen Kutu,KA5,Endüstriyel,145-095,Kalıp 145-095,B3,Ham Teneke,P2,2 Parça,Dikdortgen Tin 145-095 Ham Teneke 2 pc,100,ADET,KOLİ,PALET,24,576,11.2353
M00312,KAPAK 090-065 LITOGRAFI 3 PARÇA,01,Mamul,SK12,Kapak,KA6,Bal-Reçel,090-065,Kalıp 090-065,B1,Litografi,P3,3 Parça,Kapak 090-065 Litografi 3 pc,60,ADET,KOLİ,PALET,100,2000,4.9085
M00313,YUVARLAK KUTU 255-205 LITOGRAFI 2 PARÇA,01,Mamul,SK01,Yuvarlak Kutu,KA5,Endüstriyel,255-205,Kalıp 255-205,B1,Litografi,P2,2 Parça,Yuvarlak Tin 255-205 Litografi 2 pc,210,ADET,KOLİ,PALET,100,3000,7.8108
M00314,KARE KUTU 225-165 LITOGRAFI 3 PARÇA,01,Mamul,SK03,Kare Kutu,KA4,Hediyelik,225-165,Kalıp 225-165,B1,Litografi,P3,3 Parça,Kare Tin 225-165 Litografi 3 pc,160,ADET,KOLİ,PALET,60,1440,13.1178
M00315,YUVARLAK KUTU Y120-105 HAM TENEKE 3 PARÇA,01,Mamul,SK01,Yuvarlak Kutu,KA2,Boya-Kimya,Y120-105,Kalıp Y120-105,B3,Ham Teneke,P3,3 Parça,Yuvarlak Tin Y120-105 Ham Teneke 3 pc,110,ADET,KOLİ,PALET,48,960,4.4964
M00316,KARE KUTU 225-165 MAT LAK 3 PARÇA,01,Mamul,SK03,Kare Kutu,KA3,Kozmetik,225-165,Kalıp 225-165,B4,Mat Lak,P3,3 Parça,Kare Tin 225-165 Mat Lak 3 pc,160,ADET,KOLİ,PALET,12,240,7.7946
M00317,KARE KUTU 225-165 MAT LAK 3 PARÇA,01,Mamul,SK03,Kare Kutu,KA6,Bal-Reçel,225-165,Kalıp 225-165,B4,Mat Lak,P3,3 Parça,Kare Tin 225-165 Mat Lak 3 pc,160,ADET,KOLİ,PALET,100,2000,3.3872
M00318,KAPAK 090-065 HAM TENEKE 2 PARÇA,01,Mamul,SK12,Kapak,KA1,Gıda,090-065,Kalıp 090-065,B3,Ham Teneke,P2,2 Parça,Kapak 090-065 Ham Teneke 2 pc,60,ADET,KOLİ,PALET,100,2000,5.0804
M00319,OVAL KUTU 295-165 LITOGRAFI 2 PARÇA,01,Mamul,SK05,Oval Kutu,KA5,Endüstriyel,295-165,Kalıp 295-165,B1,Litografi,P2,2 Parça,Oval Tin 295-165 Litografi 2 pc,160,ADET,KOLİ,PALET,24,480,13.7361
M00320,KOSELI SIVAMA KUTU 210-080 HAM TENEKE 2 PARÇA,01,Mamul,SK10,Koseli Sivama Kutu,KA6,Bal-Reçel,210-080,Kalıp 210-080,B3,Ham Teneke,P2,2 Parça,Koseli Drawn Tin 210-080 Ham Teneke 2 pc,75,ADET,KOLİ,PALET,48,1152,1.7018
M00321,YUVARLAK KUTU 120-105 LITOGRAFI 3 PARÇA,01,Mamul,SK01,Yuvarlak Kutu,KA1,Gıda,120-105,Kalıp 120-105,B1,Litografi,P3,3 Parça,Yuvarlak Tin 120-105 Litografi 3 pc,110,ADET,KOLİ,PALET,100,3000,6.8083
M00322,KARE KUTU 205-050 HAM TENEKE 3 PARÇA,01,Mamul,SK03,Kare Kutu,KA5,Endüstriyel,205-050,Kalıp 205-050,B3,Ham Teneke,P3,3 Parça,Kare Tin 205-050 Ham Teneke 3 pc,45,ADET,KOLİ,PALET,12,240,2.4605
M00323,YUVARLAK KUTU 120-105 HAM TENEKE 3 PARÇA,01,Mamul,SK01,Yuvarlak Kutu,KA6,Bal-Reçel,120-105,Kalıp 120-105,B3,Ham Teneke,P3,3 Parça,Yuvarlak Tin 120-105 Ham Teneke 3 pc,110,ADET,KOLİ,PALET,60,1200,2.0233
M00324,KARE KUTU 185-115 VERNIKLI 3 PARÇA,01,Mamul,SK03,Kare Kutu,KA5,Endüstriyel,185-115,Kalıp 185-115,B2,Vernikli,P3,3 Parça,Kare Tin 185-115 Vernikli 3 pc,110,ADET,KOLİ,PALET,48,1152,6.9765
M00325,TEPSI 325-125 HAM TENEKE 3 PARÇA,01,Mamul,SK11,Tepsi,KA4,Hediyelik,325-125,Kalıp 325-125,B3,Ham Teneke,P3,3 Parça,Tepsi 325-125 Ham Teneke 3 pc,120,ADET,KOLİ,PALET,24,720,10.009
M00326,YUVARLAK KUTU Ø148 LITOGRAFI 3 PARÇA,01,Mamul,SK01,Yuvarlak Kutu,KA5,Endüstriyel,DIA-148,Kalıp DIA-148,B1,Litografi,P3,3 Parça,Yuvarlak Tin Ø148 Litografi 3 pc,153,ADET,KOLİ,PALET,60,1800,2.3193
M00327,SEKILLI KUTU 210-255 HAM TENEKE 2 PARÇA,01,Mamul,SK08,Sekilli Kutu,KA4,Hediyelik,210-255,Kalıp 210-255,B3,Ham Teneke,P2,2 Parça,Sekilli Tin 210-255 Ham Teneke 2 pc,260,ADET,KOLİ,PALET,12,240,5.6535
M00328,KOSELI SIVAMA KUTU 210-080 LITOGRAFI 3 PARÇA,01,Mamul,SK10,Koseli Sivama Kutu,KA1,Gıda,210-080,Kalıp 210-080,B1,Litografi,P3,3 Parça,Koseli Drawn Tin 210-080 Litografi 3 pc,75,ADET,KOLİ,PALET,100,2000,3.1903
M00329,SEKILLI KUTU 175-205 HAM TENEKE 2 PARÇA,01,Mamul,SK08,Sekilli Kutu,KA3,Kozmetik,175-205,Kalıp 175-205,B3,Ham Teneke,P2,2 Parça,Sekilli Tin 175-205 Ham Teneke 2 pc,200,ADET,KOLİ,PALET,60,1800,11.9063
M00330,KALP KUTU 160-090 HAM TENEKE 3 PARÇA,01,Mamul,SK09,Kalp Kutu,KA2,Boya-Kimya,160-090,Kalıp 160-090,B3,Ham Teneke,P3,3 Parça,Kalp Tin 160-090 Ham Teneke 3 pc,85,ADET,KOLİ,PALET,100,2000,3.6438
H00001,"TENEKE SAC 0,18MM",02,Hammadde,HM,Hammadde,HM1,Sac,,,,,,,"Teneke Sac 0,18mm",,KG,TON,,1000,,47.373
H00002,"TENEKE SAC 0,20MM",02,Hammadde,HM,Hammadde,HM1,Sac,,,,,,,"Teneke Sac 0,20mm",,KG,TON,,1000,,31.139
H00003,"TENEKE SAC 0,22MM",02,Hammadde,HM,Hammadde,HM1,Sac,,,,,,,"Teneke Sac 0,22mm",,KG,TON,,1000,,63.206
H00004,"KROM SAC 0,25MM",02,Hammadde,HM,Hammadde,HM1,Sac,,,,,,,"Krom Sac 0,25mm",,KG,TON,,1000,,51.901
H00005,BEYAZ VERNIK,02,Hammadde,HM,Hammadde,HM1,Kimyasal,,,,,,,Beyaz Vernik,,KG,TON,,1000,,14.467
H00006,ALTIN VERNIK,02,Hammadde,HM,Hammadde,HM1,Kimyasal,,,,,,,Altın Vernik,,KG,TON,,1000,,55.117
H00007,OFSET MÜREKKEP CYAN,02,Hammadde,HM,Hammadde,HM1,Kimyasal,,,,,,,Ofset Mürekkep Cyan,,KG,TON,,1000,,43.675
H00008,OFSET MÜREKKEP MAGENTA,02,Hammadde,HM,Hammadde,HM1,Kimyasal,,,,,,,Ofset Mürekkep Magenta,,KG,TON,,1000,,49.66
H00009,OFSET MÜREKKEP SARI,02,Hammadde,HM,Hammadde,HM1,Kimyasal,,,,,,,Ofset Mürekkep Sarı,,KG,TON,,1000,,40.139
H00010,OFSET MÜREKKEP SIYAH,02,Hammadde,HM,Hammadde,HM1,Kimyasal,,,,,,,Ofset Mürekkep Siyah,,KG,TON,,1000,,61.949
H00011,CONTA BILEŞIMI,02,Hammadde,HM,Hammadde,HM1,Kimyasal,,,,,,,Conta Bileşimi,,KG,TON,,1000,,49.903
H00012,TINER,02,Hammadde,HM,Hammadde,HM1,Kimyasal,,,,,,,Tiner,,LT,LT,,1,,46.041
H00013,KALIP YAĞI,02,Hammadde,HM,Hammadde,HM1,Kimyasal,,,,,,,Kalıp Yağı,,LT,LT,,1,,43.19
H00014,LEHIM TELI,02,Hammadde,HM,Hammadde,HM1,Kimyasal,,,,,,,Lehim Teli,,KG,TON,,1000,,24.57
H00015,ASTAR BOYA,02,Hammadde,HM,Hammadde,HM1,Kimyasal,,,,,,,Astar Boya,,KG,TON,,1000,,15.833
H00016,KORUYUCU FILM,02,Hammadde,HM,Hammadde,HM1,Kimyasal,,,,,,,Koruyucu Film,,MT,MT,,1,,58.762
D00001,OLUKLU KOLI 40X30X25,03,DIGER,DG,Diğer,DG1,Yardımcı Malzeme,,,,,,,Oluklu Koli 40x30x25,,ADET,ADET,,1,,122.328
D00002,OLUKLU KOLI 60X40X30,03,DIGER,DG,Diğer,DG1,Yardımcı Malzeme,,,,,,,Oluklu Koli 60x40x30,,ADET,ADET,,1,,157.929
D00003,STREÇ FILM 500MM,03,DIGER,DG,Diğer,DG1,Yardımcı Malzeme,,,,,,,Streç Film 500mm,,RULO,RULO,,1,,66.842
D00004,AHŞAP PALET 80X120,03,DIGER,DG,Diğer,DG1,Yardımcı Malzeme,,,,,,,Ahşap Palet 80x120,,ADET,ADET,,1,,223.264
D00005,ETIKET RULO 100X50,03,DIGER,DG,Diğer,DG1,Yardımcı Malzeme,,,,,,,Etiket Rulo 100x50,,RULO,RULO,,1,,208.851
D00006,BANT 48MM,03,DIGER,DG,Diğer,DG1,Yardımcı Malzeme,,,,,,,Bant 48mm,,ADET,ADET,,1,,59.139
D00007,ARA KARTON,03,DIGER,DG,Diğer,DG1,Yardımcı Malzeme,,,,,,,Ara Karton,,ADET,ADET,,1,,151.447
D00008,ÇEMBER 12MM,03,DIGER,DG,Diğer,DG1,Yardımcı Malzeme,,,,,,,Çember 12mm,,RULO,RULO,,1,,45.349
D00009,KALIP YEDEK ZIMBA,03,DIGER,DG,Diğer,DG1,Yardımcı Malzeme,,,,,,,Kalıp Yedek Zımba,,ADET,ADET,,1,,150.187
D00010,HIDROLIK FILTRE,03,DIGER,DG,Diğer,DG1,Yardımcı Malzeme,,,,,,,Hidrolik Filtre,,ADET,ADET,,1,,98.955
D00011,RULMAN 6205,03,DIGER,DG,Diğer,DG1,Yardımcı Malzeme,,,,,,,Rulman 6205,,ADET,ADET,,1,,141.549
D00012,YAĞLAMA GRESI,03,DIGER,DG,Diğer,DG1,Yardımcı Malzeme,,,,,,,Yağlama Gresi,,KG,KG,,1,,168.009
